time,Provision for credit losses,Non-accrual loans / Gross loans,Gross impaired loans / Gross loans,Allowance for credit losses / Gross loans,Loan-to-Deposit Ratio (LDR),Liquidity Coverage Ratio (LCR),CET1 ratio,Tier 1 leverage ratio,Cost/income ratio,Return on Equity (ROE)
2020-10-01,94.0,0.008,0.012,0.006,0.76,1.9,0.13,0.063,0.827,0.048
2020-10-02,94.0,0.008,0.012,0.006,0.76,1.9,0.13,0.063,0.827,0.048
2020-10-03,94.0,0.008,0.012,0.006,0.76,1.9,0.13,0.063,0.827,0.048
2020-10-04,94.0,0.008,0.012,0.006,0.76,1.9,0.13,0.063,0.827,0.048
2020-10-05,94.0,0.008,0.012,0.006,0.76,1.9,0.13,0.063,0.827,0.048
2020-10-06,94.0,0.008,0.012,0.006,0.76,1.9,0.13,0.063,0.827,0.048
2020-10-07,94.0,0.008,0.012,0.006,0.76,1.9,0.13,0.063,0.827,0.048
2020-10-08,94.0,0.008,0.012,0.006,0.76,1.9,0.13,0.063,0.827,0.048
2020-10-09,94.0,0.008,0.012,0.006,0.76,1.9,0.13,0.063,0.827,0.048
2020-10-10,94.0,0.008,0.012,0.006,0.76,1.9,0.13,0.063,0.827,0.048
2020-10-11,94.0,0.008,0.012,0.006,0.76,1.9,0.13,0.063,0.827,0.048
2020-10-12,94.0,0.008,0.012,0.006,0.76,1.9,0.13,0.063,0.827,0.048
2020-10-13,94.0,0.008,0.012,0.006,0.76,1.9,0.13,0.063,0.827,0.048
2020-10-14,94.0,0.008,0.012,0.006,0.76,1.9,0.13,0.063,0.827,0.048
2020-10-15,94.0,0.008,0.012,0.006,0.76,1.9,0.13,0.063,0.827,0.048
2020-10-16,94.0,0.008,0.012,0.006,0.76,1.9,0.13,0.063,0.827,0.048
2020-10-17,94.0,0.008,0.012,0.006,0.76,1.9,0.13,0.063,0.827,0.048
2020-10-18,94.0,0.008,0.012,0.006,0.76,1.9,0.13,0.063,0.827,0.048
2020-10-19,94.0,0.008,0.012,0.006,0.76,1.9,0.13,0.063,0.827,0.048
2020-10-20,94.0,0.008,0.012,0.006,0.76,1.9,0.13,0.063,0.827,0.048
2020-10-21,94.0,0.008,0.012,0.006,0.76,1.9,0.13,0.063,0.827,0.048
2020-10-22,94.0,0.008,0.012,0.006,0.76,1.9,0.13,0.063,0.827,0.048
2020-10-23,94.0,0.008,0.012,0.006,0.76,1.9,0.13,0.063,0.827,0.048
2020-10-24,94.0,0.008,0.012,0.006,0.76,1.9,0.13,0.063,0.827,0.048
2020-10-25,94.0,0.008,0.012,0.006,0.76,1.9,0.13,0.063,0.827,0.048
2020-10-26,94.0,0.008,0.012,0.006,0.76,1.9,0.13,0.063,0.827,0.048
2020-10-27,94.0,0.008,0.012,0.006,0.76,1.9,0.13,0.063,0.827,0.048
2020-10-28,94.0,0.008,0.012,0.006,0.76,1.9,0.13,0.063,0.827,0.048
2020-10-29,94.0,0.008,0.012,0.006,0.76,1.9,0.13,0.063,0.827,0.048
2020-10-30,94.0,0.008,0.012,0.006,0.76,1.9,0.13,0.063,0.827,0.048
2020-10-31,94.0,0.008,0.012,0.006,0.76,1.9,0.13,0.063,0.827,0.048
2020-11-01,94.0,0.008,0.012,0.006,0.76,1.9,0.13,0.063,0.827,0.048
2020-11-02,94.0,0.008,0.012,0.006,0.76,1.9,0.13,0.063,0.827,0.048
2020-11-03,94.0,0.008,0.012,0.006,0.76,1.9,0.13,0.063,0.827,0.048
2020-11-04,94.0,0.008,0.012,0.006,0.76,1.9,0.13,0.063,0.827,0.048
2020-11-05,94.0,0.008,0.012,0.006,0.76,1.9,0.13,0.063,0.827,0.048
2020-11-06,94.0,0.008,0.012,0.006,0.76,1.9,0.13,0.063,0.827,0.048
2020-11-07,94.0,0.008,0.012,0.006,0.76,1.9,0.13,0.063,0.827,0.048
2020-11-08,94.0,0.008,0.012,0.006,0.76,1.9,0.13,0.063,0.827,0.048
2020-11-09,94.0,0.008,0.012,0.006,0.76,1.9,0.13,0.063,0.827,0.048
2020-11-10,94.0,0.008,0.012,0.006,0.76,1.9,0.13,0.063,0.827,0.048
2020-11-11,94.0,0.008,0.012,0.006,0.76,1.9,0.13,0.063,0.827,0.048
2020-11-12,94.0,0.008,0.012,0.006,0.76,1.9,0.13,0.063,0.827,0.048
2020-11-13,94.0,0.008,0.012,0.006,0.76,1.9,0.13,0.063,0.827,0.048
2020-11-14,94.0,0.008,0.012,0.006,0.76,1.9,0.13,0.063,0.827,0.048
2020-11-15,94.0,0.008,0.012,0.006,0.76,1.9,0.13,0.063,0.827,0.048
2020-11-16,94.0,0.008,0.012,0.006,0.76,1.9,0.13,0.063,0.827,0.048
2020-11-17,94.0,0.008,0.012,0.006,0.76,1.9,0.13,0.063,0.827,0.048
2020-11-18,94.0,0.008,0.012,0.006,0.76,1.9,0.13,0.063,0.827,0.048
2020-11-19,94.0,0.008,0.012,0.006,0.76,1.9,0.13,0.063,0.827,0.048
2020-11-20,94.0,0.008,0.012,0.006,0.76,1.9,0.13,0.063,0.827,0.048
2020-11-21,94.0,0.008,0.012,0.006,0.76,1.9,0.13,0.063,0.827,0.048
2020-11-22,94.0,0.008,0.012,0.006,0.76,1.9,0.13,0.063,0.827,0.048
2020-11-23,94.0,0.008,0.012,0.006,0.76,1.9,0.13,0.063,0.827,0.048
2020-11-24,94.0,0.008,0.012,0.006,0.76,1.9,0.13,0.063,0.827,0.048
2020-11-25,94.0,0.008,0.012,0.006,0.76,1.9,0.13,0.063,0.827,0.048
2020-11-26,94.0,0.008,0.012,0.006,0.76,1.9,0.13,0.063,0.827,0.048
2020-11-27,94.0,0.008,0.012,0.006,0.76,1.9,0.13,0.063,0.827,0.048
2020-11-28,94.0,0.008,0.012,0.006,0.76,1.9,0.13,0.063,0.827,0.048
2020-11-29,94.0,0.008,0.012,0.006,0.76,1.9,0.13,0.063,0.827,0.048
2020-11-30,94.0,0.008,0.012,0.006,0.76,1.9,0.13,0.063,0.827,0.048
2020-12-01,94.0,0.008,0.012,0.006,0.76,1.9,0.13,0.063,0.827,0.048
2020-12-02,94.0,0.008,0.012,0.006,0.76,1.9,0.13,0.063,0.827,0.048
2020-12-03,94.0,0.008,0.012,0.006,0.76,1.9,0.13,0.063,0.827,0.048
2020-12-04,94.0,0.008,0.012,0.006,0.76,1.9,0.13,0.063,0.827,0.048
2020-12-05,94.0,0.008,0.012,0.006,0.76,1.9,0.13,0.063,0.827,0.048
2020-12-06,94.0,0.008,0.012,0.006,0.76,1.9,0.13,0.063,0.827,0.048
2020-12-07,94.0,0.008,0.012,0.006,0.76,1.9,0.13,0.063,0.827,0.048
2020-12-08,94.0,0.008,0.012,0.006,0.76,1.9,0.13,0.063,0.827,0.048
2020-12-09,94.0,0.008,0.012,0.006,0.76,1.9,0.13,0.063,0.827,0.048
2020-12-10,94.0,0.008,0.012,0.006,0.76,1.9,0.13,0.063,0.827,0.048
2020-12-11,94.0,0.008,0.012,0.006,0.76,1.9,0.13,0.063,0.827,0.048
2020-12-12,94.0,0.008,0.012,0.006,0.76,1.9,0.13,0.063,0.827,0.048
2020-12-13,94.0,0.008,0.012,0.006,0.76,1.9,0.13,0.063,0.827,0.048
2020-12-14,94.0,0.008,0.012,0.006,0.76,1.9,0.13,0.063,0.827,0.048
2020-12-15,94.0,0.008,0.012,0.006,0.76,1.9,0.13,0.063,0.827,0.048
2020-12-16,94.0,0.008,0.012,0.006,0.76,1.9,0.13,0.063,0.827,0.048
2020-12-17,94.0,0.008,0.012,0.006,0.76,1.9,0.13,0.063,0.827,0.048
2020-12-18,94.0,0.008,0.012,0.006,0.76,1.9,0.13,0.063,0.827,0.048
2020-12-19,94.0,0.008,0.012,0.006,0.76,1.9,0.13,0.063,0.827,0.048
2020-12-20,94.0,0.008,0.012,0.006,0.76,1.9,0.13,0.063,0.827,0.048
2020-12-21,94.0,0.008,0.012,0.006,0.76,1.9,0.13,0.063,0.827,0.048
2020-12-22,94.0,0.008,0.012,0.006,0.76,1.9,0.13,0.063,0.827,0.048
2020-12-23,94.0,0.008,0.012,0.006,0.76,1.9,0.13,0.063,0.827,0.048
2020-12-24,94.0,0.008,0.012,0.006,0.76,1.9,0.13,0.063,0.827,0.048
2020-12-25,94.0,0.008,0.012,0.006,0.76,1.9,0.13,0.063,0.827,0.048
2020-12-26,94.0,0.008,0.012,0.006,0.76,1.9,0.13,0.063,0.827,0.048
2020-12-27,94.0,0.008,0.012,0.006,0.76,1.9,0.13,0.063,0.827,0.048
2020-12-28,94.0,0.008,0.012,0.006,0.76,1.9,0.13,0.063,0.827,0.048
2020-12-29,94.0,0.008,0.012,0.006,0.76,1.9,0.13,0.063,0.827,0.048
2020-12-30,94.0,0.008,0.012,0.006,0.76,1.9,0.13,0.063,0.827,0.048
2020-12-31,94.0,0.008,0.012,0.006,0.76,1.9,0.13,0.063,0.827,0.048
2021-01-01,138.0,0.007,0.011,0.005,0.75,1.9,0.129,0.064,0.99,-0.032
2021-01-02,138.0,0.007,0.011,0.005,0.75,1.9,0.129,0.064,0.99,-0.032
2021-01-03,138.0,0.007,0.011,0.005,0.75,1.9,0.129,0.064,0.99,-0.032
2021-01-04,138.0,0.007,0.011,0.005,0.75,1.9,0.129,0.064,0.99,-0.032
2021-01-05,138.0,0.007,0.011,0.005,0.75,1.9,0.129,0.064,0.99,-0.032
2021-01-06,138.0,0.007,0.011,0.005,0.75,1.9,0.129,0.064,0.99,-0.032
2021-01-07,138.0,0.007,0.011,0.005,0.75,1.9,0.129,0.064,0.99,-0.032
2021-01-08,138.0,0.007,0.011,0.005,0.75,1.9,0.129,0.064,0.99,-0.032
2021-01-09,138.0,0.007,0.011,0.005,0.75,1.9,0.129,0.064,0.99,-0.032
2021-01-10,138.0,0.007,0.011,0.005,0.75,1.9,0.129,0.064,0.99,-0.032
2021-01-11,138.0,0.007,0.011,0.005,0.75,1.9,0.129,0.064,0.99,-0.032
2021-01-12,138.0,0.007,0.011,0.005,0.75,1.9,0.129,0.064,0.99,-0.032
2021-01-13,138.0,0.007,0.011,0.005,0.75,1.9,0.129,0.064,0.99,-0.032
2021-01-14,138.0,0.007,0.011,0.005,0.75,1.9,0.129,0.064,0.99,-0.032
2021-01-15,138.0,0.007,0.011,0.005,0.75,1.9,0.129,0.064,0.99,-0.032
2021-01-16,138.0,0.007,0.011,0.005,0.75,1.9,0.129,0.064,0.99,-0.032
2021-01-17,138.0,0.007,0.011,0.005,0.75,1.9,0.129,0.064,0.99,-0.032
2021-01-18,138.0,0.007,0.011,0.005,0.75,1.9,0.129,0.064,0.99,-0.032
2021-01-19,138.0,0.007,0.011,0.005,0.75,1.9,0.129,0.064,0.99,-0.032
2021-01-20,138.0,0.007,0.011,0.005,0.75,1.9,0.129,0.064,0.99,-0.032
2021-01-21,138.0,0.007,0.011,0.005,0.75,1.9,0.129,0.064,0.99,-0.032
2021-01-22,138.0,0.007,0.011,0.005,0.75,1.9,0.129,0.064,0.99,-0.032
2021-01-23,138.0,0.007,0.011,0.005,0.75,1.9,0.129,0.064,0.99,-0.032
2021-01-24,138.0,0.007,0.011,0.005,0.75,1.9,0.129,0.064,0.99,-0.032
2021-01-25,138.0,0.007,0.011,0.005,0.75,1.9,0.129,0.064,0.99,-0.032
2021-01-26,138.0,0.007,0.011,0.005,0.75,1.9,0.129,0.064,0.99,-0.032
2021-01-27,138.0,0.007,0.011,0.005,0.75,1.9,0.129,0.064,0.99,-0.032
2021-01-28,138.0,0.007,0.011,0.005,0.75,1.9,0.129,0.064,0.99,-0.032
2021-01-29,138.0,0.007,0.011,0.005,0.75,1.9,0.129,0.064,0.99,-0.032
2021-01-30,138.0,0.007,0.011,0.005,0.75,1.9,0.129,0.064,0.99,-0.032
2021-01-31,138.0,0.007,0.011,0.005,0.75,1.9,0.129,0.064,0.99,-0.032
2021-02-01,138.0,0.007,0.011,0.005,0.75,1.9,0.129,0.064,0.99,-0.032
2021-02-02,138.0,0.007,0.011,0.005,0.75,1.9,0.129,0.064,0.99,-0.032
2021-02-03,138.0,0.007,0.011,0.005,0.75,1.9,0.129,0.064,0.99,-0.032
2021-02-04,138.0,0.007,0.011,0.005,0.75,1.9,0.129,0.064,0.99,-0.032
2021-02-05,138.0,0.007,0.011,0.005,0.75,1.9,0.129,0.064,0.99,-0.032
2021-02-06,138.0,0.007,0.011,0.005,0.75,1.9,0.129,0.064,0.99,-0.032
2021-02-07,138.0,0.007,0.011,0.005,0.75,1.9,0.129,0.064,0.99,-0.032
2021-02-08,138.0,0.007,0.011,0.005,0.75,1.9,0.129,0.064,0.99,-0.032
2021-02-09,138.0,0.007,0.011,0.005,0.75,1.9,0.129,0.064,0.99,-0.032
2021-02-10,138.0,0.007,0.011,0.005,0.75,1.9,0.129,0.064,0.99,-0.032
2021-02-11,138.0,0.007,0.011,0.005,0.75,1.9,0.129,0.064,0.99,-0.032
2021-02-12,138.0,0.007,0.011,0.005,0.75,1.9,0.129,0.064,0.99,-0.032
2021-02-13,138.0,0.007,0.011,0.005,0.75,1.9,0.129,0.064,0.99,-0.032
2021-02-14,138.0,0.007,0.011,0.005,0.75,1.9,0.129,0.064,0.99,-0.032
2021-02-15,138.0,0.007,0.011,0.005,0.75,1.9,0.129,0.064,0.99,-0.032
2021-02-16,138.0,0.007,0.011,0.005,0.75,1.9,0.129,0.064,0.99,-0.032
2021-02-17,138.0,0.007,0.011,0.005,0.75,1.9,0.129,0.064,0.99,-0.032
2021-02-18,138.0,0.007,0.011,0.005,0.75,1.9,0.129,0.064,0.99,-0.032
2021-02-19,138.0,0.007,0.011,0.005,0.75,1.9,0.129,0.064,0.99,-0.032
2021-02-20,138.0,0.007,0.011,0.005,0.75,1.9,0.129,0.064,0.99,-0.032
2021-02-21,138.0,0.007,0.011,0.005,0.75,1.9,0.129,0.064,0.99,-0.032
2021-02-22,138.0,0.007,0.011,0.005,0.75,1.9,0.129,0.064,0.99,-0.032
2021-02-23,138.0,0.007,0.011,0.005,0.75,1.9,0.129,0.064,0.99,-0.032
2021-02-24,138.0,0.007,0.011,0.005,0.75,1.9,0.129,0.064,0.99,-0.032
2021-02-25,138.0,0.007,0.011,0.005,0.75,1.9,0.129,0.064,0.99,-0.032
2021-02-26,138.0,0.007,0.011,0.005,0.75,1.9,0.129,0.064,0.99,-0.032
2021-02-27,138.0,0.007,0.011,0.005,0.75,1.9,0.129,0.064,0.99,-0.032
2021-02-28,138.0,0.007,0.011,0.005,0.75,1.9,0.129,0.064,0.99,-0.032
2021-03-01,138.0,0.007,0.011,0.005,0.75,1.9,0.129,0.064,0.99,-0.032
2021-03-02,138.0,0.007,0.011,0.005,0.75,1.9,0.129,0.064,0.99,-0.032
2021-03-03,138.0,0.007,0.011,0.005,0.75,1.9,0.129,0.064,0.99,-0.032
2021-03-04,138.0,0.007,0.011,0.005,0.75,1.9,0.129,0.064,0.99,-0.032
2021-03-05,138.0,0.007,0.011,0.005,0.75,1.9,0.129,0.064,0.99,-0.032
2021-03-06,138.0,0.007,0.011,0.005,0.75,1.9,0.129,0.064,0.99,-0.032
2021-03-07,138.0,0.007,0.011,0.005,0.75,1.9,0.129,0.064,0.99,-0.032
2021-03-08,138.0,0.007,0.011,0.005,0.75,1.9,0.129,0.064,0.99,-0.032
2021-03-09,138.0,0.007,0.011,0.005,0.75,1.9,0.129,0.064,0.99,-0.032
2021-03-10,138.0,0.007,0.011,0.005,0.75,1.9,0.129,0.064,0.99,-0.032
2021-03-11,138.0,0.007,0.011,0.005,0.75,1.9,0.129,0.064,0.99,-0.032
2021-03-12,138.0,0.007,0.011,0.005,0.75,1.9,0.129,0.064,0.99,-0.032
2021-03-13,138.0,0.007,0.011,0.005,0.75,1.9,0.129,0.064,0.99,-0.032
2021-03-14,138.0,0.007,0.011,0.005,0.75,1.9,0.129,0.064,0.99,-0.032
2021-03-15,138.0,0.007,0.011,0.005,0.75,1.9,0.129,0.064,0.99,-0.032
2021-03-16,138.0,0.007,0.011,0.005,0.75,1.9,0.129,0.064,0.99,-0.032
2021-03-17,138.0,0.007,0.011,0.005,0.75,1.9,0.129,0.064,0.99,-0.032
2021-03-18,138.0,0.007,0.011,0.005,0.75,1.9,0.129,0.064,0.99,-0.032
2021-03-19,138.0,0.007,0.011,0.005,0.75,1.9,0.129,0.064,0.99,-0.032
2021-03-20,138.0,0.007,0.011,0.005,0.75,1.9,0.129,0.064,0.99,-0.032
2021-03-21,138.0,0.007,0.011,0.005,0.75,1.9,0.129,0.064,0.99,-0.032
2021-03-22,138.0,0.007,0.011,0.005,0.75,1.9,0.129,0.064,0.99,-0.032
2021-03-23,138.0,0.007,0.011,0.005,0.75,1.9,0.129,0.064,0.99,-0.032
2021-03-24,138.0,0.007,0.011,0.005,0.75,1.9,0.129,0.064,0.99,-0.032
2021-03-25,138.0,0.007,0.011,0.005,0.75,1.9,0.129,0.064,0.99,-0.032
2021-03-26,138.0,0.007,0.011,0.005,0.75,1.9,0.129,0.064,0.99,-0.032
2021-03-27,138.0,0.007,0.011,0.005,0.75,1.9,0.129,0.064,0.99,-0.032
2021-03-28,138.0,0.007,0.011,0.005,0.75,1.9,0.129,0.064,0.99,-0.032
2021-03-29,138.0,0.007,0.011,0.005,0.75,1.9,0.129,0.064,0.99,-0.032
2021-03-30,138.0,0.007,0.011,0.005,0.75,1.9,0.129,0.064,0.99,-0.032
2021-03-31,138.0,0.007,0.011,0.005,0.75,1.9,0.129,0.064,0.99,-0.032
2021-04-01,4394.0,0.007,0.011,0.005,0.76,2.05,0.122,0.055,0.52,-0.023
2021-04-02,4394.0,0.007,0.011,0.005,0.76,2.05,0.122,0.055,0.52,-0.023
2021-04-03,4394.0,0.007,0.011,0.005,0.76,2.05,0.122,0.055,0.52,-0.023
2021-04-04,4394.0,0.007,0.011,0.005,0.76,2.05,0.122,0.055,0.52,-0.023
2021-04-05,4394.0,0.007,0.011,0.005,0.76,2.05,0.122,0.055,0.52,-0.023
2021-04-06,4394.0,0.007,0.011,0.005,0.76,2.05,0.122,0.055,0.52,-0.023
2021-04-07,4394.0,0.007,0.011,0.005,0.76,2.05,0.122,0.055,0.52,-0.023
2021-04-08,4394.0,0.007,0.011,0.005,0.76,2.05,0.122,0.055,0.52,-0.023
2021-04-09,4394.0,0.007,0.011,0.005,0.76,2.05,0.122,0.055,0.52,-0.023
2021-04-10,4394.0,0.007,0.011,0.005,0.76,2.05,0.122,0.055,0.52,-0.023
2021-04-11,4394.0,0.007,0.011,0.005,0.76,2.05,0.122,0.055,0.52,-0.023
2021-04-12,4394.0,0.007,0.011,0.005,0.76,2.05,0.122,0.055,0.52,-0.023
2021-04-13,4394.0,0.007,0.011,0.005,0.76,2.05,0.122,0.055,0.52,-0.023
2021-04-14,4394.0,0.007,0.011,0.005,0.76,2.05,0.122,0.055,0.52,-0.023
2021-04-15,4394.0,0.007,0.011,0.005,0.76,2.05,0.122,0.055,0.52,-0.023
2021-04-16,4394.0,0.007,0.011,0.005,0.76,2.05,0.122,0.055,0.52,-0.023
2021-04-17,4394.0,0.007,0.011,0.005,0.76,2.05,0.122,0.055,0.52,-0.023
2021-04-18,4394.0,0.007,0.011,0.005,0.76,2.05,0.122,0.055,0.52,-0.023
2021-04-19,4394.0,0.007,0.011,0.005,0.76,2.05,0.122,0.055,0.52,-0.023
2021-04-20,4394.0,0.007,0.011,0.005,0.76,2.05,0.122,0.055,0.52,-0.023
2021-04-21,4394.0,0.007,0.011,0.005,0.76,2.05,0.122,0.055,0.52,-0.023
2021-04-22,4394.0,0.007,0.011,0.005,0.76,2.05,0.122,0.055,0.52,-0.023
2021-04-23,4394.0,0.007,0.011,0.005,0.76,2.05,0.122,0.055,0.52,-0.023
2021-04-24,4394.0,0.007,0.011,0.005,0.76,2.05,0.122,0.055,0.52,-0.023
2021-04-25,4394.0,0.007,0.011,0.005,0.76,2.05,0.122,0.055,0.52,-0.023
2021-04-26,4394.0,0.007,0.011,0.005,0.76,2.05,0.122,0.055,0.52,-0.023
2021-04-27,4394.0,0.007,0.011,0.005,0.76,2.05,0.122,0.055,0.52,-0.023
2021-04-28,4394.0,0.007,0.011,0.005,0.76,2.05,0.122,0.055,0.52,-0.023
2021-04-29,4394.0,0.007,0.011,0.005,0.76,2.05,0.122,0.055,0.52,-0.023
2021-04-30,4394.0,0.007,0.011,0.005,0.76,2.05,0.122,0.055,0.52,-0.023
2021-05-01,4394.0,0.007,0.011,0.005,0.76,2.05,0.122,0.055,0.52,-0.023
2021-05-02,4394.0,0.007,0.011,0.005,0.76,2.05,0.122,0.055,0.52,-0.023
2021-05-03,4394.0,0.007,0.011,0.005,0.76,2.05,0.122,0.055,0.52,-0.023
2021-05-04,4394.0,0.007,0.011,0.005,0.76,2.05,0.122,0.055,0.52,-0.023
2021-05-05,4394.0,0.007,0.011,0.005,0.76,2.05,0.122,0.055,0.52,-0.023
2021-05-06,4394.0,0.007,0.011,0.005,0.76,2.05,0.122,0.055,0.52,-0.023
2021-05-07,4394.0,0.007,0.011,0.005,0.76,2.05,0.122,0.055,0.52,-0.023
2021-05-08,4394.0,0.007,0.011,0.005,0.76,2.05,0.122,0.055,0.52,-0.023
2021-05-09,4394.0,0.007,0.011,0.005,0.76,2.05,0.122,0.055,0.52,-0.023
2021-05-10,4394.0,0.007,0.011,0.005,0.76,2.05,0.122,0.055,0.52,-0.023
2021-05-11,4394.0,0.007,0.011,0.005,0.76,2.05,0.122,0.055,0.52,-0.023
2021-05-12,4394.0,0.007,0.011,0.005,0.76,2.05,0.122,0.055,0.52,-0.023
2021-05-13,4394.0,0.007,0.011,0.005,0.76,2.05,0.122,0.055,0.52,-0.023
2021-05-14,4394.0,0.007,0.011,0.005,0.76,2.05,0.122,0.055,0.52,-0.023
2021-05-15,4394.0,0.007,0.011,0.005,0.76,2.05,0.122,0.055,0.52,-0.023
2021-05-16,4394.0,0.007,0.011,0.005,0.76,2.05,0.122,0.055,0.52,-0.023
2021-05-17,4394.0,0.007,0.011,0.005,0.76,2.05,0.122,0.055,0.52,-0.023
2021-05-18,4394.0,0.007,0.011,0.005,0.76,2.05,0.122,0.055,0.52,-0.023
2021-05-19,4394.0,0.007,0.011,0.005,0.76,2.05,0.122,0.055,0.52,-0.023
2021-05-20,4394.0,0.007,0.011,0.005,0.76,2.05,0.122,0.055,0.52,-0.023
2021-05-21,4394.0,0.007,0.011,0.005,0.76,2.05,0.122,0.055,0.52,-0.023
2021-05-22,4394.0,0.007,0.011,0.005,0.76,2.05,0.122,0.055,0.52,-0.023
2021-05-23,4394.0,0.007,0.011,0.005,0.76,2.05,0.122,0.055,0.52,-0.023
2021-05-24,4394.0,0.007,0.011,0.005,0.76,2.05,0.122,0.055,0.52,-0.023
2021-05-25,4394.0,0.007,0.011,0.005,0.76,2.05,0.122,0.055,0.52,-0.023
2021-05-26,4394.0,0.007,0.011,0.005,0.76,2.05,0.122,0.055,0.52,-0.023
2021-05-27,4394.0,0.007,0.011,0.005,0.76,2.05,0.122,0.055,0.52,-0.023
2021-05-28,4394.0,0.007,0.011,0.005,0.76,2.05,0.122,0.055,0.52,-0.023
2021-05-29,4394.0,0.007,0.011,0.005,0.76,2.05,0.122,0.055,0.52,-0.023
2021-05-30,4394.0,0.007,0.011,0.005,0.76,2.05,0.122,0.055,0.52,-0.023
2021-05-31,4394.0,0.007,0.011,0.005,0.76,2.05,0.122,0.055,0.52,-0.023
2021-06-01,4394.0,0.007,0.011,0.005,0.76,2.05,0.122,0.055,0.52,-0.023
2021-06-02,4394.0,0.007,0.011,0.005,0.76,2.05,0.122,0.055,0.52,-0.023
2021-06-03,4394.0,0.007,0.011,0.005,0.76,2.05,0.122,0.055,0.52,-0.023
2021-06-04,4394.0,0.007,0.011,0.005,0.76,2.05,0.122,0.055,0.52,-0.023
2021-06-05,4394.0,0.007,0.011,0.005,0.76,2.05,0.122,0.055,0.52,-0.023
2021-06-06,4394.0,0.007,0.011,0.005,0.76,2.05,0.122,0.055,0.52,-0.023
2021-06-07,4394.0,0.007,0.011,0.005,0.76,2.05,0.122,0.055,0.52,-0.023
2021-06-08,4394.0,0.007,0.011,0.005,0.76,2.05,0.122,0.055,0.52,-0.023
2021-06-09,4394.0,0.007,0.011,0.005,0.76,2.05,0.122,0.055,0.52,-0.023
2021-06-10,4394.0,0.007,0.011,0.005,0.76,2.05,0.122,0.055,0.52,-0.023
2021-06-11,4394.0,0.007,0.011,0.005,0.76,2.05,0.122,0.055,0.52,-0.023
2021-06-12,4394.0,0.007,0.011,0.005,0.76,2.05,0.122,0.055,0.52,-0.023
2021-06-13,4394.0,0.007,0.011,0.005,0.76,2.05,0.122,0.055,0.52,-0.023
2021-06-14,4394.0,0.007,0.011,0.005,0.76,2.05,0.122,0.055,0.52,-0.023
2021-06-15,4394.0,0.007,0.011,0.005,0.76,2.05,0.122,0.055,0.52,-0.023
2021-06-16,4394.0,0.007,0.011,0.005,0.76,2.05,0.122,0.055,0.52,-0.023
2021-06-17,4394.0,0.007,0.011,0.005,0.76,2.05,0.122,0.055,0.52,-0.023
2021-06-18,4394.0,0.007,0.011,0.005,0.76,2.05,0.122,0.055,0.52,-0.023
2021-06-19,4394.0,0.007,0.011,0.005,0.76,2.05,0.122,0.055,0.52,-0.023
2021-06-20,4394.0,0.007,0.011,0.005,0.76,2.05,0.122,0.055,0.52,-0.023
2021-06-21,4394.0,0.007,0.011,0.005,0.76,2.05,0.122,0.055,0.52,-0.023
2021-06-22,4394.0,0.007,0.011,0.005,0.76,2.05,0.122,0.055,0.52,-0.023
2021-06-23,4394.0,0.007,0.011,0.005,0.76,2.05,0.122,0.055,0.52,-0.023
2021-06-24,4394.0,0.007,0.011,0.005,0.76,2.05,0.122,0.055,0.52,-0.023
2021-06-25,4394.0,0.007,0.011,0.005,0.76,2.05,0.122,0.055,0.52,-0.023
2021-06-26,4394.0,0.007,0.011,0.005,0.76,2.05,0.122,0.055,0.52,-0.023
2021-06-27,4394.0,0.007,0.011,0.005,0.76,2.05,0.122,0.055,0.52,-0.023
2021-06-28,4394.0,0.007,0.011,0.005,0.76,2.05,0.122,0.055,0.52,-0.023
2021-06-29,4394.0,0.007,0.011,0.005,0.76,2.05,0.122,0.055,0.52,-0.023
2021-06-30,4394.0,0.007,0.011,0.005,0.76,2.05,0.122,0.055,0.52,-0.023
2021-07-01,-25.0,0.008,0.011,0.005,0.76,2.16,0.137,0.06,0.846,0.023
2021-07-02,-25.0,0.008,0.011,0.005,0.76,2.16,0.137,0.06,0.846,0.023
2021-07-03,-25.0,0.008,0.011,0.005,0.76,2.16,0.137,0.06,0.846,0.023
2021-07-04,-25.0,0.008,0.011,0.005,0.76,2.16,0.137,0.06,0.846,0.023
2021-07-05,-25.0,0.008,0.011,0.005,0.76,2.16,0.137,0.06,0.846,0.023
2021-07-06,-25.0,0.008,0.011,0.005,0.76,2.16,0.137,0.06,0.846,0.023
2021-07-07,-25.0,0.008,0.011,0.005,0.76,2.16,0.137,0.06,0.846,0.023
2021-07-08,-25.0,0.008,0.011,0.005,0.76,2.16,0.137,0.06,0.846,0.023
2021-07-09,-25.0,0.008,0.011,0.005,0.76,2.16,0.137,0.06,0.846,0.023
2021-07-10,-25.0,0.008,0.011,0.005,0.76,2.16,0.137,0.06,0.846,0.023
2021-07-11,-25.0,0.008,0.011,0.005,0.76,2.16,0.137,0.06,0.846,0.023
2021-07-12,-25.0,0.008,0.011,0.005,0.76,2.16,0.137,0.06,0.846,0.023
2021-07-13,-25.0,0.008,0.011,0.005,0.76,2.16,0.137,0.06,0.846,0.023
2021-07-14,-25.0,0.008,0.011,0.005,0.76,2.16,0.137,0.06,0.846,0.023
2021-07-15,-25.0,0.008,0.011,0.005,0.76,2.16,0.137,0.06,0.846,0.023
2021-07-16,-25.0,0.008,0.011,0.005,0.76,2.16,0.137,0.06,0.846,0.023
2021-07-17,-25.0,0.008,0.011,0.005,0.76,2.16,0.137,0.06,0.846,0.023
2021-07-18,-25.0,0.008,0.011,0.005,0.76,2.16,0.137,0.06,0.846,0.023
2021-07-19,-25.0,0.008,0.011,0.005,0.76,2.16,0.137,0.06,0.846,0.023
2021-07-20,-25.0,0.008,0.011,0.005,0.76,2.16,0.137,0.06,0.846,0.023
2021-07-21,-25.0,0.008,0.011,0.005,0.76,2.16,0.137,0.06,0.846,0.023
2021-07-22,-25.0,0.008,0.011,0.005,0.76,2.16,0.137,0.06,0.846,0.023
2021-07-23,-25.0,0.008,0.011,0.005,0.76,2.16,0.137,0.06,0.846,0.023
2021-07-24,-25.0,0.008,0.011,0.005,0.76,2.16,0.137,0.06,0.846,0.023
2021-07-25,-25.0,0.008,0.011,0.005,0.76,2.16,0.137,0.06,0.846,0.023
2021-07-26,-25.0,0.008,0.011,0.005,0.76,2.16,0.137,0.06,0.846,0.023
2021-07-27,-25.0,0.008,0.011,0.005,0.76,2.16,0.137,0.06,0.846,0.023
2021-07-28,-25.0,0.008,0.011,0.005,0.76,2.16,0.137,0.06,0.846,0.023
2021-07-29,-25.0,0.008,0.011,0.005,0.76,2.16,0.137,0.06,0.846,0.023
2021-07-30,-25.0,0.008,0.011,0.005,0.76,2.16,0.137,0.06,0.846,0.023
2021-07-31,-25.0,0.008,0.011,0.005,0.76,2.16,0.137,0.06,0.846,0.023
2021-08-01,-25.0,0.008,0.011,0.005,0.76,2.16,0.137,0.06,0.846,0.023
2021-08-02,-25.0,0.008,0.011,0.005,0.76,2.16,0.137,0.06,0.846,0.023
2021-08-03,-25.0,0.008,0.011,0.005,0.76,2.16,0.137,0.06,0.846,0.023
2021-08-04,-25.0,0.008,0.011,0.005,0.76,2.16,0.137,0.06,0.846,0.023
2021-08-05,-25.0,0.008,0.011,0.005,0.76,2.16,0.137,0.06,0.846,0.023
2021-08-06,-25.0,0.008,0.011,0.005,0.76,2.16,0.137,0.06,0.846,0.023
2021-08-07,-25.0,0.008,0.011,0.005,0.76,2.16,0.137,0.06,0.846,0.023
2021-08-08,-25.0,0.008,0.011,0.005,0.76,2.16,0.137,0.06,0.846,0.023
2021-08-09,-25.0,0.008,0.011,0.005,0.76,2.16,0.137,0.06,0.846,0.023
2021-08-10,-25.0,0.008,0.011,0.005,0.76,2.16,0.137,0.06,0.846,0.023
2021-08-11,-25.0,0.008,0.011,0.005,0.76,2.16,0.137,0.06,0.846,0.023
2021-08-12,-25.0,0.008,0.011,0.005,0.76,2.16,0.137,0.06,0.846,0.023
2021-08-13,-25.0,0.008,0.011,0.005,0.76,2.16,0.137,0.06,0.846,0.023
2021-08-14,-25.0,0.008,0.011,0.005,0.76,2.16,0.137,0.06,0.846,0.023
2021-08-15,-25.0,0.008,0.011,0.005,0.76,2.16,0.137,0.06,0.846,0.023
2021-08-16,-25.0,0.008,0.011,0.005,0.76,2.16,0.137,0.06,0.846,0.023
2021-08-17,-25.0,0.008,0.011,0.005,0.76,2.16,0.137,0.06,0.846,0.023
2021-08-18,-25.0,0.008,0.011,0.005,0.76,2.16,0.137,0.06,0.846,0.023
2021-08-19,-25.0,0.008,0.011,0.005,0.76,2.16,0.137,0.06,0.846,0.023
2021-08-20,-25.0,0.008,0.011,0.005,0.76,2.16,0.137,0.06,0.846,0.023
2021-08-21,-25.0,0.008,0.011,0.005,0.76,2.16,0.137,0.06,0.846,0.023
2021-08-22,-25.0,0.008,0.011,0.005,0.76,2.16,0.137,0.06,0.846,0.023
2021-08-23,-25.0,0.008,0.011,0.005,0.76,2.16,0.137,0.06,0.846,0.023
2021-08-24,-25.0,0.008,0.011,0.005,0.76,2.16,0.137,0.06,0.846,0.023
2021-08-25,-25.0,0.008,0.011,0.005,0.76,2.16,0.137,0.06,0.846,0.023
2021-08-26,-25.0,0.008,0.011,0.005,0.76,2.16,0.137,0.06,0.846,0.023
2021-08-27,-25.0,0.008,0.011,0.005,0.76,2.16,0.137,0.06,0.846,0.023
2021-08-28,-25.0,0.008,0.011,0.005,0.76,2.16,0.137,0.06,0.846,0.023
2021-08-29,-25.0,0.008,0.011,0.005,0.76,2.16,0.137,0.06,0.846,0.023
2021-08-30,-25.0,0.008,0.011,0.005,0.76,2.16,0.137,0.06,0.846,0.023
2021-08-31,-25.0,0.008,0.011,0.005,0.76,2.16,0.137,0.06,0.846,0.023
2021-09-01,-25.0,0.008,0.011,0.005,0.76,2.16,0.137,0.06,0.846,0.023
2021-09-02,-25.0,0.008,0.011,0.005,0.76,2.16,0.137,0.06,0.846,0.023
2021-09-03,-25.0,0.008,0.011,0.005,0.76,2.16,0.137,0.06,0.846,0.023
2021-09-04,-25.0,0.008,0.011,0.005,0.76,2.16,0.137,0.06,0.846,0.023
2021-09-05,-25.0,0.008,0.011,0.005,0.76,2.16,0.137,0.06,0.846,0.023
2021-09-06,-25.0,0.008,0.011,0.005,0.76,2.16,0.137,0.06,0.846,0.023
2021-09-07,-25.0,0.008,0.011,0.005,0.76,2.16,0.137,0.06,0.846,0.023
2021-09-08,-25.0,0.008,0.011,0.005,0.76,2.16,0.137,0.06,0.846,0.023
2021-09-09,-25.0,0.008,0.011,0.005,0.76,2.16,0.137,0.06,0.846,0.023
2021-09-10,-25.0,0.008,0.011,0.005,0.76,2.16,0.137,0.06,0.846,0.023
2021-09-11,-25.0,0.008,0.011,0.005,0.76,2.16,0.137,0.06,0.846,0.023
2021-09-12,-25.0,0.008,0.011,0.005,0.76,2.16,0.137,0.06,0.846,0.023
2021-09-13,-25.0,0.008,0.011,0.005,0.76,2.16,0.137,0.06,0.846,0.023
2021-09-14,-25.0,0.008,0.011,0.005,0.76,2.16,0.137,0.06,0.846,0.023
2021-09-15,-25.0,0.008,0.011,0.005,0.76,2.16,0.137,0.06,0.846,0.023
2021-09-16,-25.0,0.008,0.011,0.005,0.76,2.16,0.137,0.06,0.846,0.023
2021-09-17,-25.0,0.008,0.011,0.005,0.76,2.16,0.137,0.06,0.846,0.023
2021-09-18,-25.0,0.008,0.011,0.005,0.76,2.16,0.137,0.06,0.846,0.023
2021-09-19,-25.0,0.008,0.011,0.005,0.76,2.16,0.137,0.06,0.846,0.023
2021-09-20,-25.0,0.008,0.011,0.005,0.76,2.16,0.137,0.06,0.846,0.023
2021-09-21,-25.0,0.008,0.011,0.005,0.76,2.16,0.137,0.06,0.846,0.023
2021-09-22,-25.0,0.008,0.011,0.005,0.76,2.16,0.137,0.06,0.846,0.023
2021-09-23,-25.0,0.008,0.011,0.005,0.76,2.16,0.137,0.06,0.846,0.023
2021-09-24,-25.0,0.008,0.011,0.005,0.76,2.16,0.137,0.06,0.846,0.023
2021-09-25,-25.0,0.008,0.011,0.005,0.76,2.16,0.137,0.06,0.846,0.023
2021-09-26,-25.0,0.008,0.011,0.005,0.76,2.16,0.137,0.06,0.846,0.023
2021-09-27,-25.0,0.008,0.011,0.005,0.76,2.16,0.137,0.06,0.846,0.023
2021-09-28,-25.0,0.008,0.011,0.005,0.76,2.16,0.137,0.06,0.846,0.023
2021-09-29,-25.0,0.008,0.011,0.005,0.76,2.16,0.137,0.06,0.846,0.023
2021-09-30,-25.0,0.008,0.011,0.005,0.76,2.16,0.137,0.06,0.846,0.023
2021-10-01,-144.0,0.007,0.01,0.005,0.75,2.21,0.144,0.061,0.841,0.04
2021-10-02,-144.0,0.007,0.01,0.005,0.75,2.21,0.144,0.061,0.841,0.04
2021-10-03,-144.0,0.007,0.01,0.005,0.75,2.21,0.144,0.061,0.841,0.04
2021-10-04,-144.0,0.007,0.01,0.005,0.75,2.21,0.144,0.061,0.841,0.04
2021-10-05,-144.0,0.007,0.01,0.005,0.75,2.21,0.144,0.061,0.841,0.04
2021-10-06,-144.0,0.007,0.01,0.005,0.75,2.21,0.144,0.061,0.841,0.04
2021-10-07,-144.0,0.007,0.01,0.005,0.75,2.21,0.144,0.061,0.841,0.04
2021-10-08,-144.0,0.007,0.01,0.005,0.75,2.21,0.144,0.061,0.841,0.04
2021-10-09,-144.0,0.007,0.01,0.005,0.75,2.21,0.144,0.061,0.841,0.04
2021-10-10,-144.0,0.007,0.01,0.005,0.75,2.21,0.144,0.061,0.841,0.04
2021-10-11,-144.0,0.007,0.01,0.005,0.75,2.21,0.144,0.061,0.841,0.04
2021-10-12,-144.0,0.007,0.01,0.005,0.75,2.21,0.144,0.061,0.841,0.04
2021-10-13,-144.0,0.007,0.01,0.005,0.75,2.21,0.144,0.061,0.841,0.04
2021-10-14,-144.0,0.007,0.01,0.005,0.75,2.21,0.144,0.061,0.841,0.04
2021-10-15,-144.0,0.007,0.01,0.005,0.75,2.21,0.144,0.061,0.841,0.04
2021-10-16,-144.0,0.007,0.01,0.005,0.75,2.21,0.144,0.061,0.841,0.04
2021-10-17,-144.0,0.007,0.01,0.005,0.75,2.21,0.144,0.061,0.841,0.04
2021-10-18,-144.0,0.007,0.01,0.005,0.75,2.21,0.144,0.061,0.841,0.04
2021-10-19,-144.0,0.007,0.01,0.005,0.75,2.21,0.144,0.061,0.841,0.04
2021-10-20,-144.0,0.007,0.01,0.005,0.75,2.21,0.144,0.061,0.841,0.04
2021-10-21,-144.0,0.007,0.01,0.005,0.75,2.21,0.144,0.061,0.841,0.04
2021-10-22,-144.0,0.007,0.01,0.005,0.75,2.21,0.144,0.061,0.841,0.04
2021-10-23,-144.0,0.007,0.01,0.005,0.75,2.21,0.144,0.061,0.841,0.04
2021-10-24,-144.0,0.007,0.01,0.005,0.75,2.21,0.144,0.061,0.841,0.04
2021-10-25,-144.0,0.007,0.01,0.005,0.75,2.21,0.144,0.061,0.841,0.04
2021-10-26,-144.0,0.007,0.01,0.005,0.75,2.21,0.144,0.061,0.841,0.04
2021-10-27,-144.0,0.007,0.01,0.005,0.75,2.21,0.144,0.061,0.841,0.04
2021-10-28,-144.0,0.007,0.01,0.005,0.75,2.21,0.144,0.061,0.841,0.04
2021-10-29,-144.0,0.007,0.01,0.005,0.75,2.21,0.144,0.061,0.841,0.04
2021-10-30,-144.0,0.007,0.01,0.005,0.75,2.21,0.144,0.061,0.841,0.04
2021-10-31,-144.0,0.007,0.01,0.005,0.75,2.21,0.144,0.061,0.841,0.04
2021-11-01,-144.0,0.007,0.01,0.005,0.75,2.21,0.144,0.061,0.841,0.04
2021-11-02,-144.0,0.007,0.01,0.005,0.75,2.21,0.144,0.061,0.841,0.04
2021-11-03,-144.0,0.007,0.01,0.005,0.75,2.21,0.144,0.061,0.841,0.04
2021-11-04,-144.0,0.007,0.01,0.005,0.75,2.21,0.144,0.061,0.841,0.04
2021-11-05,-144.0,0.007,0.01,0.005,0.75,2.21,0.144,0.061,0.841,0.04
2021-11-06,-144.0,0.007,0.01,0.005,0.75,2.21,0.144,0.061,0.841,0.04
2021-11-07,-144.0,0.007,0.01,0.005,0.75,2.21,0.144,0.061,0.841,0.04
2021-11-08,-144.0,0.007,0.01,0.005,0.75,2.21,0.144,0.061,0.841,0.04
2021-11-09,-144.0,0.007,0.01,0.005,0.75,2.21,0.144,0.061,0.841,0.04
2021-11-10,-144.0,0.007,0.01,0.005,0.75,2.21,0.144,0.061,0.841,0.04
2021-11-11,-144.0,0.007,0.01,0.005,0.75,2.21,0.144,0.061,0.841,0.04
2021-11-12,-144.0,0.007,0.01,0.005,0.75,2.21,0.144,0.061,0.841,0.04
2021-11-13,-144.0,0.007,0.01,0.005,0.75,2.21,0.144,0.061,0.841,0.04
2021-11-14,-144.0,0.007,0.01,0.005,0.75,2.21,0.144,0.061,0.841,0.04
2021-11-15,-144.0,0.007,0.01,0.005,0.75,2.21,0.144,0.061,0.841,0.04
2021-11-16,-144.0,0.007,0.01,0.005,0.75,2.21,0.144,0.061,0.841,0.04
2021-11-17,-144.0,0.007,0.01,0.005,0.75,2.21,0.144,0.061,0.841,0.04
2021-11-18,-144.0,0.007,0.01,0.005,0.75,2.21,0.144,0.061,0.841,0.04
2021-11-19,-144.0,0.007,0.01,0.005,0.75,2.21,0.144,0.061,0.841,0.04
2021-11-20,-144.0,0.007,0.01,0.005,0.75,2.21,0.144,0.061,0.841,0.04
2021-11-21,-144.0,0.007,0.01,0.005,0.75,2.21,0.144,0.061,0.841,0.04
2021-11-22,-144.0,0.007,0.01,0.005,0.75,2.21,0.144,0.061,0.841,0.04
2021-11-23,-144.0,0.007,0.01,0.005,0.75,2.21,0.144,0.061,0.841,0.04
2021-11-24,-144.0,0.007,0.01,0.005,0.75,2.21,0.144,0.061,0.841,0.04
2021-11-25,-144.0,0.007,0.01,0.005,0.75,2.21,0.144,0.061,0.841,0.04
2021-11-26,-144.0,0.007,0.01,0.005,0.75,2.21,0.144,0.061,0.841,0.04
2021-11-27,-144.0,0.007,0.01,0.005,0.75,2.21,0.144,0.061,0.841,0.04
2021-11-28,-144.0,0.007,0.01,0.005,0.75,2.21,0.144,0.061,0.841,0.04
2021-11-29,-144.0,0.007,0.01,0.005,0.75,2.21,0.144,0.061,0.841,0.04
2021-11-30,-144.0,0.007,0.01,0.005,0.75,2.21,0.144,0.061,0.841,0.04
2021-12-01,-144.0,0.007,0.01,0.005,0.75,2.21,0.144,0.061,0.841,0.04
2021-12-02,-144.0,0.007,0.01,0.005,0.75,2.21,0.144,0.061,0.841,0.04
2021-12-03,-144.0,0.007,0.01,0.005,0.75,2.21,0.144,0.061,0.841,0.04
2021-12-04,-144.0,0.007,0.01,0.005,0.75,2.21,0.144,0.061,0.841,0.04
2021-12-05,-144.0,0.007,0.01,0.005,0.75,2.21,0.144,0.061,0.841,0.04
2021-12-06,-144.0,0.007,0.01,0.005,0.75,2.21,0.144,0.061,0.841,0.04
2021-12-07,-144.0,0.007,0.01,0.005,0.75,2.21,0.144,0.061,0.841,0.04
2021-12-08,-144.0,0.007,0.01,0.005,0.75,2.21,0.144,0.061,0.841,0.04
2021-12-09,-144.0,0.007,0.01,0.005,0.75,2.21,0.144,0.061,0.841,0.04
2021-12-10,-144.0,0.007,0.01,0.005,0.75,2.21,0.144,0.061,0.841,0.04
2021-12-11,-144.0,0.007,0.01,0.005,0.75,2.21,0.144,0.061,0.841,0.04
2021-12-12,-144.0,0.007,0.01,0.005,0.75,2.21,0.144,0.061,0.841,0.04
2021-12-13,-144.0,0.007,0.01,0.005,0.75,2.21,0.144,0.061,0.841,0.04
2021-12-14,-144.0,0.007,0.01,0.005,0.75,2.21,0.144,0.061,0.841,0.04
2021-12-15,-144.0,0.007,0.01,0.005,0.75,2.21,0.144,0.061,0.841,0.04
2021-12-16,-144.0,0.007,0.01,0.005,0.75,2.21,0.144,0.061,0.841,0.04
2021-12-17,-144.0,0.007,0.01,0.005,0.75,2.21,0.144,0.061,0.841,0.04
2021-12-18,-144.0,0.007,0.01,0.005,0.75,2.21,0.144,0.061,0.841,0.04
2021-12-19,-144.0,0.007,0.01,0.005,0.75,2.21,0.144,0.061,0.841,0.04
2021-12-20,-144.0,0.007,0.01,0.005,0.75,2.21,0.144,0.061,0.841,0.04
2021-12-21,-144.0,0.007,0.01,0.005,0.75,2.21,0.144,0.061,0.841,0.04
2021-12-22,-144.0,0.007,0.01,0.005,0.75,2.21,0.144,0.061,0.841,0.04
2021-12-23,-144.0,0.007,0.01,0.005,0.75,2.21,0.144,0.061,0.841,0.04
2021-12-24,-144.0,0.007,0.01,0.005,0.75,2.21,0.144,0.061,0.841,0.04
2021-12-25,-144.0,0.007,0.01,0.005,0.75,2.21,0.144,0.061,0.841,0.04
2021-12-26,-144.0,0.007,0.01,0.005,0.75,2.21,0.144,0.061,0.841,0.04
2021-12-27,-144.0,0.007,0.01,0.005,0.75,2.21,0.144,0.061,0.841,0.04
2021-12-28,-144.0,0.007,0.01,0.005,0.75,2.21,0.144,0.061,0.841,0.04
2021-12-29,-144.0,0.007,0.01,0.005,0.75,2.21,0.144,0.061,0.841,0.04
2021-12-30,-144.0,0.007,0.01,0.005,0.75,2.21,0.144,0.061,0.841,0.04
2021-12-31,-144.0,0.007,0.01,0.005,0.75,2.21,0.144,0.061,0.841,0.04
2022-01-01,-20.0,0.007,0.01,0.005,0.75,2.03,0.144,0.061,1.368,-0.187
2022-01-02,-20.0,0.007,0.01,0.005,0.75,2.03,0.144,0.061,1.368,-0.187
2022-01-03,-20.0,0.007,0.01,0.005,0.75,2.03,0.144,0.061,1.368,-0.187
2022-01-04,-20.0,0.007,0.01,0.005,0.75,2.03,0.144,0.061,1.368,-0.187
2022-01-05,-20.0,0.007,0.01,0.005,0.75,2.03,0.144,0.061,1.368,-0.187
2022-01-06,-20.0,0.007,0.01,0.005,0.75,2.03,0.144,0.061,1.368,-0.187
2022-01-07,-20.0,0.007,0.01,0.005,0.75,2.03,0.144,0.061,1.368,-0.187
2022-01-08,-20.0,0.007,0.01,0.005,0.75,2.03,0.144,0.061,1.368,-0.187
2022-01-09,-20.0,0.007,0.01,0.005,0.75,2.03,0.144,0.061,1.368,-0.187
2022-01-10,-20.0,0.007,0.01,0.005,0.75,2.03,0.144,0.061,1.368,-0.187
2022-01-11,-20.0,0.007,0.01,0.005,0.75,2.03,0.144,0.061,1.368,-0.187
2022-01-12,-20.0,0.007,0.01,0.005,0.75,2.03,0.144,0.061,1.368,-0.187
2022-01-13,-20.0,0.007,0.01,0.005,0.75,2.03,0.144,0.061,1.368,-0.187
2022-01-14,-20.0,0.007,0.01,0.005,0.75,2.03,0.144,0.061,1.368,-0.187
2022-01-15,-20.0,0.007,0.01,0.005,0.75,2.03,0.144,0.061,1.368,-0.187
2022-01-16,-20.0,0.007,0.01,0.005,0.75,2.03,0.144,0.061,1.368,-0.187
2022-01-17,-20.0,0.007,0.01,0.005,0.75,2.03,0.144,0.061,1.368,-0.187
2022-01-18,-20.0,0.007,0.01,0.005,0.75,2.03,0.144,0.061,1.368,-0.187
2022-01-19,-20.0,0.007,0.01,0.005,0.75,2.03,0.144,0.061,1.368,-0.187
2022-01-20,-20.0,0.007,0.01,0.005,0.75,2.03,0.144,0.061,1.368,-0.187
2022-01-21,-20.0,0.007,0.01,0.005,0.75,2.03,0.144,0.061,1.368,-0.187
2022-01-22,-20.0,0.007,0.01,0.005,0.75,2.03,0.144,0.061,1.368,-0.187
2022-01-23,-20.0,0.007,0.01,0.005,0.75,2.03,0.144,0.061,1.368,-0.187
2022-01-24,-20.0,0.007,0.01,0.005,0.75,2.03,0.144,0.061,1.368,-0.187
2022-01-25,-20.0,0.007,0.01,0.005,0.75,2.03,0.144,0.061,1.368,-0.187
2022-01-26,-20.0,0.007,0.01,0.005,0.75,2.03,0.144,0.061,1.368,-0.187
2022-01-27,-20.0,0.007,0.01,0.005,0.75,2.03,0.144,0.061,1.368,-0.187
2022-01-28,-20.0,0.007,0.01,0.005,0.75,2.03,0.144,0.061,1.368,-0.187
2022-01-29,-20.0,0.007,0.01,0.005,0.75,2.03,0.144,0.061,1.368,-0.187
2022-01-30,-20.0,0.007,0.01,0.005,0.75,2.03,0.144,0.061,1.368,-0.187
2022-01-31,-20.0,0.007,0.01,0.005,0.75,2.03,0.144,0.061,1.368,-0.187
2022-02-01,-20.0,0.007,0.01,0.005,0.75,2.03,0.144,0.061,1.368,-0.187
2022-02-02,-20.0,0.007,0.01,0.005,0.75,2.03,0.144,0.061,1.368,-0.187
2022-02-03,-20.0,0.007,0.01,0.005,0.75,2.03,0.144,0.061,1.368,-0.187
2022-02-04,-20.0,0.007,0.01,0.005,0.75,2.03,0.144,0.061,1.368,-0.187
2022-02-05,-20.0,0.007,0.01,0.005,0.75,2.03,0.144,0.061,1.368,-0.187
2022-02-06,-20.0,0.007,0.01,0.005,0.75,2.03,0.144,0.061,1.368,-0.187
2022-02-07,-20.0,0.007,0.01,0.005,0.75,2.03,0.144,0.061,1.368,-0.187
2022-02-08,-20.0,0.007,0.01,0.005,0.75,2.03,0.144,0.061,1.368,-0.187
2022-02-09,-20.0,0.007,0.01,0.005,0.75,2.03,0.144,0.061,1.368,-0.187
2022-02-10,-20.0,0.007,0.01,0.005,0.75,2.03,0.144,0.061,1.368,-0.187
2022-02-11,-20.0,0.007,0.01,0.005,0.75,2.03,0.144,0.061,1.368,-0.187
2022-02-12,-20.0,0.007,0.01,0.005,0.75,2.03,0.144,0.061,1.368,-0.187
2022-02-13,-20.0,0.007,0.01,0.005,0.75,2.03,0.144,0.061,1.368,-0.187
2022-02-14,-20.0,0.007,0.01,0.005,0.75,2.03,0.144,0.061,1.368,-0.187
2022-02-15,-20.0,0.007,0.01,0.005,0.75,2.03,0.144,0.061,1.368,-0.187
2022-02-16,-20.0,0.007,0.01,0.005,0.75,2.03,0.144,0.061,1.368,-0.187
2022-02-17,-20.0,0.007,0.01,0.005,0.75,2.03,0.144,0.061,1.368,-0.187
2022-02-18,-20.0,0.007,0.01,0.005,0.75,2.03,0.144,0.061,1.368,-0.187
2022-02-19,-20.0,0.007,0.01,0.005,0.75,2.03,0.144,0.061,1.368,-0.187
2022-02-20,-20.0,0.007,0.01,0.005,0.75,2.03,0.144,0.061,1.368,-0.187
2022-02-21,-20.0,0.007,0.01,0.005,0.75,2.03,0.144,0.061,1.368,-0.187
2022-02-22,-20.0,0.007,0.01,0.005,0.75,2.03,0.144,0.061,1.368,-0.187
2022-02-23,-20.0,0.007,0.01,0.005,0.75,2.03,0.144,0.061,1.368,-0.187
2022-02-24,-20.0,0.007,0.01,0.005,0.75,2.03,0.144,0.061,1.368,-0.187
2022-02-25,-20.0,0.007,0.01,0.005,0.75,2.03,0.144,0.061,1.368,-0.187
2022-02-26,-20.0,0.007,0.01,0.005,0.75,2.03,0.144,0.061,1.368,-0.187
2022-02-27,-20.0,0.007,0.01,0.005,0.75,2.03,0.144,0.061,1.368,-0.187
2022-02-28,-20.0,0.007,0.01,0.005,0.75,2.03,0.144,0.061,1.368,-0.187
2022-03-01,-20.0,0.007,0.01,0.005,0.75,2.03,0.144,0.061,1.368,-0.187
2022-03-02,-20.0,0.007,0.01,0.005,0.75,2.03,0.144,0.061,1.368,-0.187
2022-03-03,-20.0,0.007,0.01,0.005,0.75,2.03,0.144,0.061,1.368,-0.187
2022-03-04,-20.0,0.007,0.01,0.005,0.75,2.03,0.144,0.061,1.368,-0.187
2022-03-05,-20.0,0.007,0.01,0.005,0.75,2.03,0.144,0.061,1.368,-0.187
2022-03-06,-20.0,0.007,0.01,0.005,0.75,2.03,0.144,0.061,1.368,-0.187
2022-03-07,-20.0,0.007,0.01,0.005,0.75,2.03,0.144,0.061,1.368,-0.187
2022-03-08,-20.0,0.007,0.01,0.005,0.75,2.03,0.144,0.061,1.368,-0.187
2022-03-09,-20.0,0.007,0.01,0.005,0.75,2.03,0.144,0.061,1.368,-0.187
2022-03-10,-20.0,0.007,0.01,0.005,0.75,2.03,0.144,0.061,1.368,-0.187
2022-03-11,-20.0,0.007,0.01,0.005,0.75,2.03,0.144,0.061,1.368,-0.187
2022-03-12,-20.0,0.007,0.01,0.005,0.75,2.03,0.144,0.061,1.368,-0.187
2022-03-13,-20.0,0.007,0.01,0.005,0.75,2.03,0.144,0.061,1.368,-0.187
2022-03-14,-20.0,0.007,0.01,0.005,0.75,2.03,0.144,0.061,1.368,-0.187
2022-03-15,-20.0,0.007,0.01,0.005,0.75,2.03,0.144,0.061,1.368,-0.187
2022-03-16,-20.0,0.007,0.01,0.005,0.75,2.03,0.144,0.061,1.368,-0.187
2022-03-17,-20.0,0.007,0.01,0.005,0.75,2.03,0.144,0.061,1.368,-0.187
2022-03-18,-20.0,0.007,0.01,0.005,0.75,2.03,0.144,0.061,1.368,-0.187
2022-03-19,-20.0,0.007,0.01,0.005,0.75,2.03,0.144,0.061,1.368,-0.187
2022-03-20,-20.0,0.007,0.01,0.005,0.75,2.03,0.144,0.061,1.368,-0.187
2022-03-21,-20.0,0.007,0.01,0.005,0.75,2.03,0.144,0.061,1.368,-0.187
2022-03-22,-20.0,0.007,0.01,0.005,0.75,2.03,0.144,0.061,1.368,-0.187
2022-03-23,-20.0,0.007,0.01,0.005,0.75,2.03,0.144,0.061,1.368,-0.187
2022-03-24,-20.0,0.007,0.01,0.005,0.75,2.03,0.144,0.061,1.368,-0.187
2022-03-25,-20.0,0.007,0.01,0.005,0.75,2.03,0.144,0.061,1.368,-0.187
2022-03-26,-20.0,0.007,0.01,0.005,0.75,2.03,0.144,0.061,1.368,-0.187
2022-03-27,-20.0,0.007,0.01,0.005,0.75,2.03,0.144,0.061,1.368,-0.187
2022-03-28,-20.0,0.007,0.01,0.005,0.75,2.03,0.144,0.061,1.368,-0.187
2022-03-29,-20.0,0.007,0.01,0.005,0.75,2.03,0.144,0.061,1.368,-0.187
2022-03-30,-20.0,0.007,0.01,0.005,0.75,2.03,0.144,0.061,1.368,-0.187
2022-03-31,-20.0,0.007,0.01,0.005,0.75,2.03,0.144,0.061,1.368,-0.187
2022-04-01,-110.0,0.008,0.011,0.005,0.73,1.96,0.138,0.061,1.122,-0.024
2022-04-02,-110.0,0.008,0.011,0.005,0.73,1.96,0.138,0.061,1.122,-0.024
2022-04-03,-110.0,0.008,0.011,0.005,0.73,1.96,0.138,0.061,1.122,-0.024
2022-04-04,-110.0,0.008,0.011,0.005,0.73,1.96,0.138,0.061,1.122,-0.024
2022-04-05,-110.0,0.008,0.011,0.005,0.73,1.96,0.138,0.061,1.122,-0.024
2022-04-06,-110.0,0.008,0.011,0.005,0.73,1.96,0.138,0.061,1.122,-0.024
2022-04-07,-110.0,0.008,0.011,0.005,0.73,1.96,0.138,0.061,1.122,-0.024
2022-04-08,-110.0,0.008,0.011,0.005,0.73,1.96,0.138,0.061,1.122,-0.024
2022-04-09,-110.0,0.008,0.011,0.005,0.73,1.96,0.138,0.061,1.122,-0.024
2022-04-10,-110.0,0.008,0.011,0.005,0.73,1.96,0.138,0.061,1.122,-0.024
2022-04-11,-110.0,0.008,0.011,0.005,0.73,1.96,0.138,0.061,1.122,-0.024
2022-04-12,-110.0,0.008,0.011,0.005,0.73,1.96,0.138,0.061,1.122,-0.024
2022-04-13,-110.0,0.008,0.011,0.005,0.73,1.96,0.138,0.061,1.122,-0.024
2022-04-14,-110.0,0.008,0.011,0.005,0.73,1.96,0.138,0.061,1.122,-0.024
2022-04-15,-110.0,0.008,0.011,0.005,0.73,1.96,0.138,0.061,1.122,-0.024
2022-04-16,-110.0,0.008,0.011,0.005,0.73,1.96,0.138,0.061,1.122,-0.024
2022-04-17,-110.0,0.008,0.011,0.005,0.73,1.96,0.138,0.061,1.122,-0.024
2022-04-18,-110.0,0.008,0.011,0.005,0.73,1.96,0.138,0.061,1.122,-0.024
2022-04-19,-110.0,0.008,0.011,0.005,0.73,1.96,0.138,0.061,1.122,-0.024
2022-04-20,-110.0,0.008,0.011,0.005,0.73,1.96,0.138,0.061,1.122,-0.024
2022-04-21,-110.0,0.008,0.011,0.005,0.73,1.96,0.138,0.061,1.122,-0.024
2022-04-22,-110.0,0.008,0.011,0.005,0.73,1.96,0.138,0.061,1.122,-0.024
2022-04-23,-110.0,0.008,0.011,0.005,0.73,1.96,0.138,0.061,1.122,-0.024
2022-04-24,-110.0,0.008,0.011,0.005,0.73,1.96,0.138,0.061,1.122,-0.024
2022-04-25,-110.0,0.008,0.011,0.005,0.73,1.96,0.138,0.061,1.122,-0.024
2022-04-26,-110.0,0.008,0.011,0.005,0.73,1.96,0.138,0.061,1.122,-0.024
2022-04-27,-110.0,0.008,0.011,0.005,0.73,1.96,0.138,0.061,1.122,-0.024
2022-04-28,-110.0,0.008,0.011,0.005,0.73,1.96,0.138,0.061,1.122,-0.024
2022-04-29,-110.0,0.008,0.011,0.005,0.73,1.96,0.138,0.061,1.122,-0.024
2022-04-30,-110.0,0.008,0.011,0.005,0.73,1.96,0.138,0.061,1.122,-0.024
2022-05-01,-110.0,0.008,0.011,0.005,0.73,1.96,0.138,0.061,1.122,-0.024
2022-05-02,-110.0,0.008,0.011,0.005,0.73,1.96,0.138,0.061,1.122,-0.024
2022-05-03,-110.0,0.008,0.011,0.005,0.73,1.96,0.138,0.061,1.122,-0.024
2022-05-04,-110.0,0.008,0.011,0.005,0.73,1.96,0.138,0.061,1.122,-0.024
2022-05-05,-110.0,0.008,0.011,0.005,0.73,1.96,0.138,0.061,1.122,-0.024
2022-05-06,-110.0,0.008,0.011,0.005,0.73,1.96,0.138,0.061,1.122,-0.024
2022-05-07,-110.0,0.008,0.011,0.005,0.73,1.96,0.138,0.061,1.122,-0.024
2022-05-08,-110.0,0.008,0.011,0.005,0.73,1.96,0.138,0.061,1.122,-0.024
2022-05-09,-110.0,0.008,0.011,0.005,0.73,1.96,0.138,0.061,1.122,-0.024
2022-05-10,-110.0,0.008,0.011,0.005,0.73,1.96,0.138,0.061,1.122,-0.024
2022-05-11,-110.0,0.008,0.011,0.005,0.73,1.96,0.138,0.061,1.122,-0.024
2022-05-12,-110.0,0.008,0.011,0.005,0.73,1.96,0.138,0.061,1.122,-0.024
2022-05-13,-110.0,0.008,0.011,0.005,0.73,1.96,0.138,0.061,1.122,-0.024
2022-05-14,-110.0,0.008,0.011,0.005,0.73,1.96,0.138,0.061,1.122,-0.024
2022-05-15,-110.0,0.008,0.011,0.005,0.73,1.96,0.138,0.061,1.122,-0.024
2022-05-16,-110.0,0.008,0.011,0.005,0.73,1.96,0.138,0.061,1.122,-0.024
2022-05-17,-110.0,0.008,0.011,0.005,0.73,1.96,0.138,0.061,1.122,-0.024
2022-05-18,-110.0,0.008,0.011,0.005,0.73,1.96,0.138,0.061,1.122,-0.024
2022-05-19,-110.0,0.008,0.011,0.005,0.73,1.96,0.138,0.061,1.122,-0.024
2022-05-20,-110.0,0.008,0.011,0.005,0.73,1.96,0.138,0.061,1.122,-0.024
2022-05-21,-110.0,0.008,0.011,0.005,0.73,1.96,0.138,0.061,1.122,-0.024
2022-05-22,-110.0,0.008,0.011,0.005,0.73,1.96,0.138,0.061,1.122,-0.024
2022-05-23,-110.0,0.008,0.011,0.005,0.73,1.96,0.138,0.061,1.122,-0.024
2022-05-24,-110.0,0.008,0.011,0.005,0.73,1.96,0.138,0.061,1.122,-0.024
2022-05-25,-110.0,0.008,0.011,0.005,0.73,1.96,0.138,0.061,1.122,-0.024
2022-05-26,-110.0,0.008,0.011,0.005,0.73,1.96,0.138,0.061,1.122,-0.024
2022-05-27,-110.0,0.008,0.011,0.005,0.73,1.96,0.138,0.061,1.122,-0.024
2022-05-28,-110.0,0.008,0.011,0.005,0.73,1.96,0.138,0.061,1.122,-0.024
2022-05-29,-110.0,0.008,0.011,0.005,0.73,1.96,0.138,0.061,1.122,-0.024
2022-05-30,-110.0,0.008,0.011,0.005,0.73,1.96,0.138,0.061,1.122,-0.024
2022-05-31,-110.0,0.008,0.011,0.005,0.73,1.96,0.138,0.061,1.122,-0.024
2022-06-01,-110.0,0.008,0.011,0.005,0.73,1.96,0.138,0.061,1.122,-0.024
2022-06-02,-110.0,0.008,0.011,0.005,0.73,1.96,0.138,0.061,1.122,-0.024
2022-06-03,-110.0,0.008,0.011,0.005,0.73,1.96,0.138,0.061,1.122,-0.024
2022-06-04,-110.0,0.008,0.011,0.005,0.73,1.96,0.138,0.061,1.122,-0.024
2022-06-05,-110.0,0.008,0.011,0.005,0.73,1.96,0.138,0.061,1.122,-0.024
2022-06-06,-110.0,0.008,0.011,0.005,0.73,1.96,0.138,0.061,1.122,-0.024
2022-06-07,-110.0,0.008,0.011,0.005,0.73,1.96,0.138,0.061,1.122,-0.024
2022-06-08,-110.0,0.008,0.011,0.005,0.73,1.96,0.138,0.061,1.122,-0.024
2022-06-09,-110.0,0.008,0.011,0.005,0.73,1.96,0.138,0.061,1.122,-0.024
2022-06-10,-110.0,0.008,0.011,0.005,0.73,1.96,0.138,0.061,1.122,-0.024
2022-06-11,-110.0,0.008,0.011,0.005,0.73,1.96,0.138,0.061,1.122,-0.024
2022-06-12,-110.0,0.008,0.011,0.005,0.73,1.96,0.138,0.061,1.122,-0.024
2022-06-13,-110.0,0.008,0.011,0.005,0.73,1.96,0.138,0.061,1.122,-0.024
2022-06-14,-110.0,0.008,0.011,0.005,0.73,1.96,0.138,0.061,1.122,-0.024
2022-06-15,-110.0,0.008,0.011,0.005,0.73,1.96,0.138,0.061,1.122,-0.024
2022-06-16,-110.0,0.008,0.011,0.005,0.73,1.96,0.138,0.061,1.122,-0.024
2022-06-17,-110.0,0.008,0.011,0.005,0.73,1.96,0.138,0.061,1.122,-0.024
2022-06-18,-110.0,0.008,0.011,0.005,0.73,1.96,0.138,0.061,1.122,-0.024
2022-06-19,-110.0,0.008,0.011,0.005,0.73,1.96,0.138,0.061,1.122,-0.024
2022-06-20,-110.0,0.008,0.011,0.005,0.73,1.96,0.138,0.061,1.122,-0.024
2022-06-21,-110.0,0.008,0.011,0.005,0.73,1.96,0.138,0.061,1.122,-0.024
2022-06-22,-110.0,0.008,0.011,0.005,0.73,1.96,0.138,0.061,1.122,-0.024
2022-06-23,-110.0,0.008,0.011,0.005,0.73,1.96,0.138,0.061,1.122,-0.024
2022-06-24,-110.0,0.008,0.011,0.005,0.73,1.96,0.138,0.061,1.122,-0.024
2022-06-25,-110.0,0.008,0.011,0.005,0.73,1.96,0.138,0.061,1.122,-0.024
2022-06-26,-110.0,0.008,0.011,0.005,0.73,1.96,0.138,0.061,1.122,-0.024
2022-06-27,-110.0,0.008,0.011,0.005,0.73,1.96,0.138,0.061,1.122,-0.024
2022-06-28,-110.0,0.008,0.011,0.005,0.73,1.96,0.138,0.061,1.122,-0.024
2022-06-29,-110.0,0.008,0.011,0.005,0.73,1.96,0.138,0.061,1.122,-0.024
2022-06-30,-110.0,0.008,0.011,0.005,0.73,1.96,0.138,0.061,1.122,-0.024
2022-07-01,64.0,0.007,0.011,0.005,0.74,1.91,0.135,0.06,1.304,-0.139
2022-07-02,64.0,0.007,0.011,0.005,0.74,1.91,0.135,0.06,1.304,-0.139
2022-07-03,64.0,0.007,0.011,0.005,0.74,1.91,0.135,0.06,1.304,-0.139
2022-07-04,64.0,0.007,0.011,0.005,0.74,1.91,0.135,0.06,1.304,-0.139
2022-07-05,64.0,0.007,0.011,0.005,0.74,1.91,0.135,0.06,1.304,-0.139
2022-07-06,64.0,0.007,0.011,0.005,0.74,1.91,0.135,0.06,1.304,-0.139
2022-07-07,64.0,0.007,0.011,0.005,0.74,1.91,0.135,0.06,1.304,-0.139
2022-07-08,64.0,0.007,0.011,0.005,0.74,1.91,0.135,0.06,1.304,-0.139
2022-07-09,64.0,0.007,0.011,0.005,0.74,1.91,0.135,0.06,1.304,-0.139
2022-07-10,64.0,0.007,0.011,0.005,0.74,1.91,0.135,0.06,1.304,-0.139
2022-07-11,64.0,0.007,0.011,0.005,0.74,1.91,0.135,0.06,1.304,-0.139
2022-07-12,64.0,0.007,0.011,0.005,0.74,1.91,0.135,0.06,1.304,-0.139
2022-07-13,64.0,0.007,0.011,0.005,0.74,1.91,0.135,0.06,1.304,-0.139
2022-07-14,64.0,0.007,0.011,0.005,0.74,1.91,0.135,0.06,1.304,-0.139
2022-07-15,64.0,0.007,0.011,0.005,0.74,1.91,0.135,0.06,1.304,-0.139
2022-07-16,64.0,0.007,0.011,0.005,0.74,1.91,0.135,0.06,1.304,-0.139
2022-07-17,64.0,0.007,0.011,0.005,0.74,1.91,0.135,0.06,1.304,-0.139
2022-07-18,64.0,0.007,0.011,0.005,0.74,1.91,0.135,0.06,1.304,-0.139
2022-07-19,64.0,0.007,0.011,0.005,0.74,1.91,0.135,0.06,1.304,-0.139
2022-07-20,64.0,0.007,0.011,0.005,0.74,1.91,0.135,0.06,1.304,-0.139
2022-07-21,64.0,0.007,0.011,0.005,0.74,1.91,0.135,0.06,1.304,-0.139
2022-07-22,64.0,0.007,0.011,0.005,0.74,1.91,0.135,0.06,1.304,-0.139
2022-07-23,64.0,0.007,0.011,0.005,0.74,1.91,0.135,0.06,1.304,-0.139
2022-07-24,64.0,0.007,0.011,0.005,0.74,1.91,0.135,0.06,1.304,-0.139
2022-07-25,64.0,0.007,0.011,0.005,0.74,1.91,0.135,0.06,1.304,-0.139
2022-07-26,64.0,0.007,0.011,0.005,0.74,1.91,0.135,0.06,1.304,-0.139
2022-07-27,64.0,0.007,0.011,0.005,0.74,1.91,0.135,0.06,1.304,-0.139
2022-07-28,64.0,0.007,0.011,0.005,0.74,1.91,0.135,0.06,1.304,-0.139
2022-07-29,64.0,0.007,0.011,0.005,0.74,1.91,0.135,0.06,1.304,-0.139
2022-07-30,64.0,0.007,0.011,0.005,0.74,1.91,0.135,0.06,1.304,-0.139
2022-07-31,64.0,0.007,0.011,0.005,0.74,1.91,0.135,0.06,1.304,-0.139
2022-08-01,64.0,0.007,0.011,0.005,0.74,1.91,0.135,0.06,1.304,-0.139
2022-08-02,64.0,0.007,0.011,0.005,0.74,1.91,0.135,0.06,1.304,-0.139
2022-08-03,64.0,0.007,0.011,0.005,0.74,1.91,0.135,0.06,1.304,-0.139
2022-08-04,64.0,0.007,0.011,0.005,0.74,1.91,0.135,0.06,1.304,-0.139
2022-08-05,64.0,0.007,0.011,0.005,0.74,1.91,0.135,0.06,1.304,-0.139
2022-08-06,64.0,0.007,0.011,0.005,0.74,1.91,0.135,0.06,1.304,-0.139
2022-08-07,64.0,0.007,0.011,0.005,0.74,1.91,0.135,0.06,1.304,-0.139
2022-08-08,64.0,0.007,0.011,0.005,0.74,1.91,0.135,0.06,1.304,-0.139
2022-08-09,64.0,0.007,0.011,0.005,0.74,1.91,0.135,0.06,1.304,-0.139
2022-08-10,64.0,0.007,0.011,0.005,0.74,1.91,0.135,0.06,1.304,-0.139
2022-08-11,64.0,0.007,0.011,0.005,0.74,1.91,0.135,0.06,1.304,-0.139
2022-08-12,64.0,0.007,0.011,0.005,0.74,1.91,0.135,0.06,1.304,-0.139
2022-08-13,64.0,0.007,0.011,0.005,0.74,1.91,0.135,0.06,1.304,-0.139
2022-08-14,64.0,0.007,0.011,0.005,0.74,1.91,0.135,0.06,1.304,-0.139
2022-08-15,64.0,0.007,0.011,0.005,0.74,1.91,0.135,0.06,1.304,-0.139
2022-08-16,64.0,0.007,0.011,0.005,0.74,1.91,0.135,0.06,1.304,-0.139
2022-08-17,64.0,0.007,0.011,0.005,0.74,1.91,0.135,0.06,1.304,-0.139
2022-08-18,64.0,0.007,0.011,0.005,0.74,1.91,0.135,0.06,1.304,-0.139
2022-08-19,64.0,0.007,0.011,0.005,0.74,1.91,0.135,0.06,1.304,-0.139
2022-08-20,64.0,0.007,0.011,0.005,0.74,1.91,0.135,0.06,1.304,-0.139
2022-08-21,64.0,0.007,0.011,0.005,0.74,1.91,0.135,0.06,1.304,-0.139
2022-08-22,64.0,0.007,0.011,0.005,0.74,1.91,0.135,0.06,1.304,-0.139
2022-08-23,64.0,0.007,0.011,0.005,0.74,1.91,0.135,0.06,1.304,-0.139
2022-08-24,64.0,0.007,0.011,0.005,0.74,1.91,0.135,0.06,1.304,-0.139
2022-08-25,64.0,0.007,0.011,0.005,0.74,1.91,0.135,0.06,1.304,-0.139
2022-08-26,64.0,0.007,0.011,0.005,0.74,1.91,0.135,0.06,1.304,-0.139
2022-08-27,64.0,0.007,0.011,0.005,0.74,1.91,0.135,0.06,1.304,-0.139
2022-08-28,64.0,0.007,0.011,0.005,0.74,1.91,0.135,0.06,1.304,-0.139
2022-08-29,64.0,0.007,0.011,0.005,0.74,1.91,0.135,0.06,1.304,-0.139
2022-08-30,64.0,0.007,0.011,0.005,0.74,1.91,0.135,0.06,1.304,-0.139
2022-08-31,64.0,0.007,0.011,0.005,0.74,1.91,0.135,0.06,1.304,-0.139
2022-09-01,64.0,0.007,0.011,0.005,0.74,1.91,0.135,0.06,1.304,-0.139
2022-09-02,64.0,0.007,0.011,0.005,0.74,1.91,0.135,0.06,1.304,-0.139
2022-09-03,64.0,0.007,0.011,0.005,0.74,1.91,0.135,0.06,1.304,-0.139
2022-09-04,64.0,0.007,0.011,0.005,0.74,1.91,0.135,0.06,1.304,-0.139
2022-09-05,64.0,0.007,0.011,0.005,0.74,1.91,0.135,0.06,1.304,-0.139
2022-09-06,64.0,0.007,0.011,0.005,0.74,1.91,0.135,0.06,1.304,-0.139
2022-09-07,64.0,0.007,0.011,0.005,0.74,1.91,0.135,0.06,1.304,-0.139
2022-09-08,64.0,0.007,0.011,0.005,0.74,1.91,0.135,0.06,1.304,-0.139
2022-09-09,64.0,0.007,0.011,0.005,0.74,1.91,0.135,0.06,1.304,-0.139
2022-09-10,64.0,0.007,0.011,0.005,0.74,1.91,0.135,0.06,1.304,-0.139
2022-09-11,64.0,0.007,0.011,0.005,0.74,1.91,0.135,0.06,1.304,-0.139
2022-09-12,64.0,0.007,0.011,0.005,0.74,1.91,0.135,0.06,1.304,-0.139
2022-09-13,64.0,0.007,0.011,0.005,0.74,1.91,0.135,0.06,1.304,-0.139
2022-09-14,64.0,0.007,0.011,0.005,0.74,1.91,0.135,0.06,1.304,-0.139
2022-09-15,64.0,0.007,0.011,0.005,0.74,1.91,0.135,0.06,1.304,-0.139
2022-09-16,64.0,0.007,0.011,0.005,0.74,1.91,0.135,0.06,1.304,-0.139
2022-09-17,64.0,0.007,0.011,0.005,0.74,1.91,0.135,0.06,1.304,-0.139
2022-09-18,64.0,0.007,0.011,0.005,0.74,1.91,0.135,0.06,1.304,-0.139
2022-09-19,64.0,0.007,0.011,0.005,0.74,1.91,0.135,0.06,1.304,-0.139
2022-09-20,64.0,0.007,0.011,0.005,0.74,1.91,0.135,0.06,1.304,-0.139
2022-09-21,64.0,0.007,0.011,0.005,0.74,1.91,0.135,0.06,1.304,-0.139
2022-09-22,64.0,0.007,0.011,0.005,0.74,1.91,0.135,0.06,1.304,-0.139
2022-09-23,64.0,0.007,0.011,0.005,0.74,1.91,0.135,0.06,1.304,-0.139
2022-09-24,64.0,0.007,0.011,0.005,0.74,1.91,0.135,0.06,1.304,-0.139
2022-09-25,64.0,0.007,0.011,0.005,0.74,1.91,0.135,0.06,1.304,-0.139
2022-09-26,64.0,0.007,0.011,0.005,0.74,1.91,0.135,0.06,1.304,-0.139
2022-09-27,64.0,0.007,0.011,0.005,0.74,1.91,0.135,0.06,1.304,-0.139
2022-09-28,64.0,0.007,0.011,0.005,0.74,1.91,0.135,0.06,1.304,-0.139
2022-09-29,64.0,0.007,0.011,0.005,0.74,1.91,0.135,0.06,1.304,-0.139
2022-09-30,64.0,0.007,0.011,0.005,0.74,1.91,0.135,0.06,1.304,-0.139
2022-10-01,21.0,0.008,0.012,0.005,0.76,1.92,0.126,0.061,1.084,-0.355
2022-10-02,21.0,0.008,0.012,0.005,0.76,1.92,0.126,0.061,1.084,-0.355
2022-10-03,21.0,0.008,0.012,0.005,0.76,1.92,0.126,0.061,1.084,-0.355
2022-10-04,21.0,0.008,0.012,0.005,0.76,1.92,0.126,0.061,1.084,-0.355
2022-10-05,21.0,0.008,0.012,0.005,0.76,1.92,0.126,0.061,1.084,-0.355
2022-10-06,21.0,0.008,0.012,0.005,0.76,1.92,0.126,0.061,1.084,-0.355
2022-10-07,21.0,0.008,0.012,0.005,0.76,1.92,0.126,0.061,1.084,-0.355
2022-10-08,21.0,0.008,0.012,0.005,0.76,1.92,0.126,0.061,1.084,-0.355
2022-10-09,21.0,0.008,0.012,0.005,0.76,1.92,0.126,0.061,1.084,-0.355
2022-10-10,21.0,0.008,0.012,0.005,0.76,1.92,0.126,0.061,1.084,-0.355
2022-10-11,21.0,0.008,0.012,0.005,0.76,1.92,0.126,0.061,1.084,-0.355
2022-10-12,21.0,0.008,0.012,0.005,0.76,1.92,0.126,0.061,1.084,-0.355
2022-10-13,21.0,0.008,0.012,0.005,0.76,1.92,0.126,0.061,1.084,-0.355
2022-10-14,21.0,0.008,0.012,0.005,0.76,1.92,0.126,0.061,1.084,-0.355
2022-10-15,21.0,0.008,0.012,0.005,0.76,1.92,0.126,0.061,1.084,-0.355
2022-10-16,21.0,0.008,0.012,0.005,0.76,1.92,0.126,0.061,1.084,-0.355
2022-10-17,21.0,0.008,0.012,0.005,0.76,1.92,0.126,0.061,1.084,-0.355
2022-10-18,21.0,0.008,0.012,0.005,0.76,1.92,0.126,0.061,1.084,-0.355
2022-10-19,21.0,0.008,0.012,0.005,0.76,1.92,0.126,0.061,1.084,-0.355
2022-10-20,21.0,0.008,0.012,0.005,0.76,1.92,0.126,0.061,1.084,-0.355
2022-10-21,21.0,0.008,0.012,0.005,0.76,1.92,0.126,0.061,1.084,-0.355
2022-10-22,21.0,0.008,0.012,0.005,0.76,1.92,0.126,0.061,1.084,-0.355
2022-10-23,21.0,0.008,0.012,0.005,0.76,1.92,0.126,0.061,1.084,-0.355
2022-10-24,21.0,0.008,0.012,0.005,0.76,1.92,0.126,0.061,1.084,-0.355
2022-10-25,21.0,0.008,0.012,0.005,0.76,1.92,0.126,0.061,1.084,-0.355
2022-10-26,21.0,0.008,0.012,0.005,0.76,1.92,0.126,0.061,1.084,-0.355
2022-10-27,21.0,0.008,0.012,0.005,0.76,1.92,0.126,0.061,1.084,-0.355
2022-10-28,21.0,0.008,0.012,0.005,0.76,1.92,0.126,0.061,1.084,-0.355
2022-10-29,21.0,0.008,0.012,0.005,0.76,1.92,0.126,0.061,1.084,-0.355
2022-10-30,21.0,0.008,0.012,0.005,0.76,1.92,0.126,0.061,1.084,-0.355
2022-10-31,21.0,0.008,0.012,0.005,0.76,1.92,0.126,0.061,1.084,-0.355
2022-11-01,21.0,0.008,0.012,0.005,0.76,1.92,0.126,0.061,1.084,-0.355
2022-11-02,21.0,0.008,0.012,0.005,0.76,1.92,0.126,0.061,1.084,-0.355
2022-11-03,21.0,0.008,0.012,0.005,0.76,1.92,0.126,0.061,1.084,-0.355
2022-11-04,21.0,0.008,0.012,0.005,0.76,1.92,0.126,0.061,1.084,-0.355
2022-11-05,21.0,0.008,0.012,0.005,0.76,1.92,0.126,0.061,1.084,-0.355
2022-11-06,21.0,0.008,0.012,0.005,0.76,1.92,0.126,0.061,1.084,-0.355
2022-11-07,21.0,0.008,0.012,0.005,0.76,1.92,0.126,0.061,1.084,-0.355
2022-11-08,21.0,0.008,0.012,0.005,0.76,1.92,0.126,0.061,1.084,-0.355
2022-11-09,21.0,0.008,0.012,0.005,0.76,1.92,0.126,0.061,1.084,-0.355
2022-11-10,21.0,0.008,0.012,0.005,0.76,1.92,0.126,0.061,1.084,-0.355
2022-11-11,21.0,0.008,0.012,0.005,0.76,1.92,0.126,0.061,1.084,-0.355
2022-11-12,21.0,0.008,0.012,0.005,0.76,1.92,0.126,0.061,1.084,-0.355
2022-11-13,21.0,0.008,0.012,0.005,0.76,1.92,0.126,0.061,1.084,-0.355
2022-11-14,21.0,0.008,0.012,0.005,0.76,1.92,0.126,0.061,1.084,-0.355
2022-11-15,21.0,0.008,0.012,0.005,0.76,1.92,0.126,0.061,1.084,-0.355
2022-11-16,21.0,0.008,0.012,0.005,0.76,1.92,0.126,0.061,1.084,-0.355
2022-11-17,21.0,0.008,0.012,0.005,0.76,1.92,0.126,0.061,1.084,-0.355
2022-11-18,21.0,0.008,0.012,0.005,0.76,1.92,0.126,0.061,1.084,-0.355
2022-11-19,21.0,0.008,0.012,0.005,0.76,1.92,0.126,0.061,1.084,-0.355
2022-11-20,21.0,0.008,0.012,0.005,0.76,1.92,0.126,0.061,1.084,-0.355
2022-11-21,21.0,0.008,0.012,0.005,0.76,1.92,0.126,0.061,1.084,-0.355
2022-11-22,21.0,0.008,0.012,0.005,0.76,1.92,0.126,0.061,1.084,-0.355
2022-11-23,21.0,0.008,0.012,0.005,0.76,1.92,0.126,0.061,1.084,-0.355
2022-11-24,21.0,0.008,0.012,0.005,0.76,1.92,0.126,0.061,1.084,-0.355
2022-11-25,21.0,0.008,0.012,0.005,0.76,1.92,0.126,0.061,1.084,-0.355
2022-11-26,21.0,0.008,0.012,0.005,0.76,1.92,0.126,0.061,1.084,-0.355
2022-11-27,21.0,0.008,0.012,0.005,0.76,1.92,0.126,0.061,1.084,-0.355
2022-11-28,21.0,0.008,0.012,0.005,0.76,1.92,0.126,0.061,1.084,-0.355
2022-11-29,21.0,0.008,0.012,0.005,0.76,1.92,0.126,0.061,1.084,-0.355
2022-11-30,21.0,0.008,0.012,0.005,0.76,1.92,0.126,0.061,1.084,-0.355
2022-12-01,21.0,0.008,0.012,0.005,0.76,1.92,0.126,0.061,1.084,-0.355
2022-12-02,21.0,0.008,0.012,0.005,0.76,1.92,0.126,0.061,1.084,-0.355
2022-12-03,21.0,0.008,0.012,0.005,0.76,1.92,0.126,0.061,1.084,-0.355
2022-12-04,21.0,0.008,0.012,0.005,0.76,1.92,0.126,0.061,1.084,-0.355
2022-12-05,21.0,0.008,0.012,0.005,0.76,1.92,0.126,0.061,1.084,-0.355
2022-12-06,21.0,0.008,0.012,0.005,0.76,1.92,0.126,0.061,1.084,-0.355
2022-12-07,21.0,0.008,0.012,0.005,0.76,1.92,0.126,0.061,1.084,-0.355
2022-12-08,21.0,0.008,0.012,0.005,0.76,1.92,0.126,0.061,1.084,-0.355
2022-12-09,21.0,0.008,0.012,0.005,0.76,1.92,0.126,0.061,1.084,-0.355
2022-12-10,21.0,0.008,0.012,0.005,0.76,1.92,0.126,0.061,1.084,-0.355
2022-12-11,21.0,0.008,0.012,0.005,0.76,1.92,0.126,0.061,1.084,-0.355
2022-12-12,21.0,0.008,0.012,0.005,0.76,1.92,0.126,0.061,1.084,-0.355
2022-12-13,21.0,0.008,0.012,0.005,0.76,1.92,0.126,0.061,1.084,-0.355
2022-12-14,21.0,0.008,0.012,0.005,0.76,1.92,0.126,0.061,1.084,-0.355
2022-12-15,21.0,0.008,0.012,0.005,0.76,1.92,0.126,0.061,1.084,-0.355
2022-12-16,21.0,0.008,0.012,0.005,0.76,1.92,0.126,0.061,1.084,-0.355
2022-12-17,21.0,0.008,0.012,0.005,0.76,1.92,0.126,0.061,1.084,-0.355
2022-12-18,21.0,0.008,0.012,0.005,0.76,1.92,0.126,0.061,1.084,-0.355
2022-12-19,21.0,0.008,0.012,0.005,0.76,1.92,0.126,0.061,1.084,-0.355
2022-12-20,21.0,0.008,0.012,0.005,0.76,1.92,0.126,0.061,1.084,-0.355
2022-12-21,21.0,0.008,0.012,0.005,0.76,1.92,0.126,0.061,1.084,-0.355
2022-12-22,21.0,0.008,0.012,0.005,0.76,1.92,0.126,0.061,1.084,-0.355
2022-12-23,21.0,0.008,0.012,0.005,0.76,1.92,0.126,0.061,1.084,-0.355
2022-12-24,21.0,0.008,0.012,0.005,0.76,1.92,0.126,0.061,1.084,-0.355
2022-12-25,21.0,0.008,0.012,0.005,0.76,1.92,0.126,0.061,1.084,-0.355
2022-12-26,21.0,0.008,0.012,0.005,0.76,1.92,0.126,0.061,1.084,-0.355
2022-12-27,21.0,0.008,0.012,0.005,0.76,1.92,0.126,0.061,1.084,-0.355
2022-12-28,21.0,0.008,0.012,0.005,0.76,1.92,0.126,0.061,1.084,-0.355
2022-12-29,21.0,0.008,0.012,0.005,0.76,1.92,0.126,0.061,1.084,-0.355
2022-12-30,21.0,0.008,0.012,0.005,0.76,1.92,0.126,0.061,1.084,-0.355
2022-12-31,21.0,0.008,0.012,0.005,0.76,1.92,0.126,0.061,1.084,-0.355
2023-01-01,41.0,0.008,0.012,0.005,1.14,1.44,0.141,0.077,1.416,-0.125
2023-01-02,41.0,0.008,0.012,0.005,1.14,1.44,0.141,0.077,1.416,-0.125
2023-01-03,41.0,0.008,0.012,0.005,1.14,1.44,0.141,0.077,1.416,-0.125
2023-01-04,41.0,0.008,0.012,0.005,1.14,1.44,0.141,0.077,1.416,-0.125
2023-01-05,41.0,0.008,0.012,0.005,1.14,1.44,0.141,0.077,1.416,-0.125
2023-01-06,41.0,0.008,0.012,0.005,1.14,1.44,0.141,0.077,1.416,-0.125
2023-01-07,41.0,0.008,0.012,0.005,1.14,1.44,0.141,0.077,1.416,-0.125
2023-01-08,41.0,0.008,0.012,0.005,1.14,1.44,0.141,0.077,1.416,-0.125
2023-01-09,41.0,0.008,0.012,0.005,1.14,1.44,0.141,0.077,1.416,-0.125
2023-01-10,41.0,0.008,0.012,0.005,1.14,1.44,0.141,0.077,1.416,-0.125
2023-01-11,41.0,0.008,0.012,0.005,1.14,1.44,0.141,0.077,1.416,-0.125
2023-01-12,41.0,0.008,0.012,0.005,1.14,1.44,0.141,0.077,1.416,-0.125
2023-01-13,41.0,0.008,0.012,0.005,1.14,1.44,0.141,0.077,1.416,-0.125
2023-01-14,41.0,0.008,0.012,0.005,1.14,1.44,0.141,0.077,1.416,-0.125
2023-01-15,41.0,0.008,0.012,0.005,1.14,1.44,0.141,0.077,1.416,-0.125
2023-01-16,41.0,0.008,0.012,0.005,1.14,1.44,0.141,0.077,1.416,-0.125
2023-01-17,41.0,0.008,0.012,0.005,1.14,1.44,0.141,0.077,1.416,-0.125
2023-01-18,41.0,0.008,0.012,0.005,1.14,1.44,0.141,0.077,1.416,-0.125
2023-01-19,41.0,0.008,0.012,0.005,1.14,1.44,0.141,0.077,1.416,-0.125
2023-01-20,41.0,0.008,0.012,0.005,1.14,1.44,0.141,0.077,1.416,-0.125
2023-01-21,41.0,0.008,0.012,0.005,1.14,1.44,0.141,0.077,1.416,-0.125
2023-01-22,41.0,0.008,0.012,0.005,1.14,1.44,0.141,0.077,1.416,-0.125
2023-01-23,41.0,0.008,0.012,0.005,1.14,1.44,0.141,0.077,1.416,-0.125
2023-01-24,41.0,0.008,0.012,0.005,1.14,1.44,0.141,0.077,1.416,-0.125
2023-01-25,41.0,0.008,0.012,0.005,1.14,1.44,0.141,0.077,1.416,-0.125
2023-01-26,41.0,0.008,0.012,0.005,1.14,1.44,0.141,0.077,1.416,-0.125
2023-01-27,41.0,0.008,0.012,0.005,1.14,1.44,0.141,0.077,1.416,-0.125
2023-01-28,41.0,0.008,0.012,0.005,1.14,1.44,0.141,0.077,1.416,-0.125
2023-01-29,41.0,0.008,0.012,0.005,1.14,1.44,0.141,0.077,1.416,-0.125
2023-01-30,41.0,0.008,0.012,0.005,1.14,1.44,0.141,0.077,1.416,-0.125
2023-01-31,41.0,0.008,0.012,0.005,1.14,1.44,0.141,0.077,1.416,-0.125
2023-02-01,41.0,0.008,0.012,0.005,1.14,1.44,0.141,0.077,1.416,-0.125
2023-02-02,41.0,0.008,0.012,0.005,1.14,1.44,0.141,0.077,1.416,-0.125
2023-02-03,41.0,0.008,0.012,0.005,1.14,1.44,0.141,0.077,1.416,-0.125
2023-02-04,41.0,0.008,0.012,0.005,1.14,1.44,0.141,0.077,1.416,-0.125
2023-02-05,41.0,0.008,0.012,0.005,1.14,1.44,0.141,0.077,1.416,-0.125
2023-02-06,41.0,0.008,0.012,0.005,1.14,1.44,0.141,0.077,1.416,-0.125
2023-02-07,41.0,0.008,0.012,0.005,1.14,1.44,0.141,0.077,1.416,-0.125
2023-02-08,41.0,0.008,0.012,0.005,1.14,1.44,0.141,0.077,1.416,-0.125
2023-02-09,41.0,0.008,0.012,0.005,1.14,1.44,0.141,0.077,1.416,-0.125
2023-02-10,41.0,0.008,0.012,0.005,1.14,1.44,0.141,0.077,1.416,-0.125
2023-02-11,41.0,0.008,0.012,0.005,1.14,1.44,0.141,0.077,1.416,-0.125
2023-02-12,41.0,0.008,0.012,0.005,1.14,1.44,0.141,0.077,1.416,-0.125
2023-02-13,41.0,0.008,0.012,0.005,1.14,1.44,0.141,0.077,1.416,-0.125
2023-02-14,41.0,0.008,0.012,0.005,1.14,1.44,0.141,0.077,1.416,-0.125
2023-02-15,41.0,0.008,0.012,0.005,1.14,1.44,0.141,0.077,1.416,-0.125
2023-02-16,41.0,0.008,0.012,0.005,1.14,1.44,0.141,0.077,1.416,-0.125
2023-02-17,41.0,0.008,0.012,0.005,1.14,1.44,0.141,0.077,1.416,-0.125
2023-02-18,41.0,0.008,0.012,0.005,1.14,1.44,0.141,0.077,1.416,-0.125
2023-02-19,41.0,0.008,0.012,0.005,1.14,1.44,0.141,0.077,1.416,-0.125
2023-02-20,41.0,0.008,0.012,0.005,1.14,1.44,0.141,0.077,1.416,-0.125
2023-02-21,41.0,0.008,0.012,0.005,1.14,1.44,0.141,0.077,1.416,-0.125
2023-02-22,41.0,0.008,0.012,0.005,1.14,1.44,0.141,0.077,1.416,-0.125
2023-02-23,41.0,0.008,0.012,0.005,1.14,1.44,0.141,0.077,1.416,-0.125
2023-02-24,41.0,0.008,0.012,0.005,1.14,1.44,0.141,0.077,1.416,-0.125
2023-02-25,41.0,0.008,0.012,0.005,1.14,1.44,0.141,0.077,1.416,-0.125
2023-02-26,41.0,0.008,0.012,0.005,1.14,1.44,0.141,0.077,1.416,-0.125
2023-02-27,41.0,0.008,0.012,0.005,1.14,1.44,0.141,0.077,1.416,-0.125
2023-02-28,41.0,0.008,0.012,0.005,1.14,1.44,0.141,0.077,1.416,-0.125
2023-03-01,41.0,0.008,0.012,0.005,1.14,1.44,0.141,0.077,1.416,-0.125
2023-03-02,41.0,0.008,0.012,0.005,1.14,1.44,0.141,0.077,1.416,-0.125
2023-03-03,41.0,0.008,0.012,0.005,1.14,1.44,0.141,0.077,1.416,-0.125
2023-03-04,41.0,0.008,0.012,0.005,1.14,1.44,0.141,0.077,1.416,-0.125
2023-03-05,41.0,0.008,0.012,0.005,1.14,1.44,0.141,0.077,1.416,-0.125
2023-03-06,41.0,0.008,0.012,0.005,1.14,1.44,0.141,0.077,1.416,-0.125
2023-03-07,41.0,0.008,0.012,0.005,1.14,1.44,0.141,0.077,1.416,-0.125
2023-03-08,41.0,0.008,0.012,0.005,1.14,1.44,0.141,0.077,1.416,-0.125
2023-03-09,41.0,0.008,0.012,0.005,1.14,1.44,0.141,0.077,1.416,-0.125
2023-03-10,41.0,0.008,0.012,0.005,1.14,1.44,0.141,0.077,1.416,-0.125
2023-03-11,41.0,0.008,0.012,0.005,1.14,1.44,0.141,0.077,1.416,-0.125
2023-03-12,41.0,0.008,0.012,0.005,1.14,1.44,0.141,0.077,1.416,-0.125
2023-03-13,41.0,0.008,0.012,0.005,1.14,1.44,0.141,0.077,1.416,-0.125
2023-03-14,41.0,0.008,0.012,0.005,1.14,1.44,0.141,0.077,1.416,-0.125
2023-03-15,41.0,0.008,0.012,0.005,1.14,1.44,0.141,0.077,1.416,-0.125
2023-03-16,41.0,0.008,0.012,0.005,1.14,1.44,0.141,0.077,1.416,-0.125
2023-03-17,41.0,0.008,0.012,0.005,1.14,1.44,0.141,0.077,1.416,-0.125
2023-03-18,41.0,0.008,0.012,0.005,1.14,1.44,0.141,0.077,1.416,-0.125
2023-03-19,41.0,0.008,0.012,0.005,1.14,1.44,0.141,0.077,1.416,-0.125
2023-03-20,41.0,0.008,0.012,0.005,1.14,1.44,0.141,0.077,1.416,-0.125
2023-03-21,41.0,0.008,0.012,0.005,1.14,1.44,0.141,0.077,1.416,-0.125
2023-03-22,41.0,0.008,0.012,0.005,1.14,1.44,0.141,0.077,1.416,-0.125
2023-03-23,41.0,0.008,0.012,0.005,1.14,1.44,0.141,0.077,1.416,-0.125
2023-03-24,41.0,0.008,0.012,0.005,1.14,1.44,0.141,0.077,1.416,-0.125
2023-03-25,41.0,0.008,0.012,0.005,1.14,1.44,0.141,0.077,1.416,-0.125
2023-03-26,41.0,0.008,0.012,0.005,1.14,1.44,0.141,0.077,1.416,-0.125
2023-03-27,41.0,0.008,0.012,0.005,1.14,1.44,0.141,0.077,1.416,-0.125
2023-03-28,41.0,0.008,0.012,0.005,1.14,1.44,0.141,0.077,1.416,-0.125
2023-03-29,41.0,0.008,0.012,0.005,1.14,1.44,0.141,0.077,1.416,-0.125
2023-03-30,41.0,0.008,0.012,0.005,1.14,1.44,0.141,0.077,1.416,-0.125
2023-03-31,41.0,0.008,0.012,0.005,1.14,1.44,0.141,0.077,1.416,-0.125
2023-04-01,83.0,0.008,0.012,0.005,1.58,1.78,0.203,0.076,0.304,1.094
2023-04-02,83.0,0.008,0.012,0.005,1.58,1.78,0.203,0.076,0.304,1.094
2023-04-03,83.0,0.008,0.012,0.005,1.58,1.78,0.203,0.076,0.304,1.094
2023-04-04,83.0,0.008,0.012,0.005,1.58,1.78,0.203,0.076,0.304,1.094
2023-04-05,83.0,0.008,0.012,0.005,1.58,1.78,0.203,0.076,0.304,1.094
2023-04-06,83.0,0.008,0.012,0.005,1.58,1.78,0.203,0.076,0.304,1.094
2023-04-07,83.0,0.008,0.012,0.005,1.58,1.78,0.203,0.076,0.304,1.094
2023-04-08,83.0,0.008,0.012,0.005,1.58,1.78,0.203,0.076,0.304,1.094
2023-04-09,83.0,0.008,0.012,0.005,1.58,1.78,0.203,0.076,0.304,1.094
2023-04-10,83.0,0.008,0.012,0.005,1.58,1.78,0.203,0.076,0.304,1.094
2023-04-11,83.0,0.008,0.012,0.005,1.58,1.78,0.203,0.076,0.304,1.094
2023-04-12,83.0,0.008,0.012,0.005,1.58,1.78,0.203,0.076,0.304,1.094
2023-04-13,83.0,0.008,0.012,0.005,1.58,1.78,0.203,0.076,0.304,1.094
2023-04-14,83.0,0.008,0.012,0.005,1.58,1.78,0.203,0.076,0.304,1.094
2023-04-15,83.0,0.008,0.012,0.005,1.58,1.78,0.203,0.076,0.304,1.094
2023-04-16,83.0,0.008,0.012,0.005,1.58,1.78,0.203,0.076,0.304,1.094
2023-04-17,83.0,0.008,0.012,0.005,1.58,1.78,0.203,0.076,0.304,1.094
2023-04-18,83.0,0.008,0.012,0.005,1.58,1.78,0.203,0.076,0.304,1.094
2023-04-19,83.0,0.008,0.012,0.005,1.58,1.78,0.203,0.076,0.304,1.094
2023-04-20,83.0,0.008,0.012,0.005,1.58,1.78,0.203,0.076,0.304,1.094
2023-04-21,83.0,0.008,0.012,0.005,1.58,1.78,0.203,0.076,0.304,1.094
2023-04-22,83.0,0.008,0.012,0.005,1.58,1.78,0.203,0.076,0.304,1.094
2023-04-23,83.0,0.008,0.012,0.005,1.58,1.78,0.203,0.076,0.304,1.094
2023-04-24,83.0,0.008,0.012,0.005,1.58,1.78,0.203,0.076,0.304,1.094
2023-04-25,83.0,0.008,0.012,0.005,1.58,1.78,0.203,0.076,0.304,1.094
2023-04-26,83.0,0.008,0.012,0.005,1.58,1.78,0.203,0.076,0.304,1.094
2023-04-27,83.0,0.008,0.012,0.005,1.58,1.78,0.203,0.076,0.304,1.094
2023-04-28,83.0,0.008,0.012,0.005,1.58,1.78,0.203,0.076,0.304,1.094
2023-04-29,83.0,0.008,0.012,0.005,1.58,1.78,0.203,0.076,0.304,1.094
2023-04-30,83.0,0.008,0.012,0.005,1.58,1.78,0.203,0.076,0.304,1.094
2023-05-01,83.0,0.008,0.012,0.005,1.58,1.78,0.203,0.076,0.304,1.094
2023-05-02,83.0,0.008,0.012,0.005,1.58,1.78,0.203,0.076,0.304,1.094
2023-05-03,83.0,0.008,0.012,0.005,1.58,1.78,0.203,0.076,0.304,1.094
2023-05-04,83.0,0.008,0.012,0.005,1.58,1.78,0.203,0.076,0.304,1.094
2023-05-05,83.0,0.008,0.012,0.005,1.58,1.78,0.203,0.076,0.304,1.094
2023-05-06,83.0,0.008,0.012,0.005,1.58,1.78,0.203,0.076,0.304,1.094
2023-05-07,83.0,0.008,0.012,0.005,1.58,1.78,0.203,0.076,0.304,1.094
2023-05-08,83.0,0.008,0.012,0.005,1.58,1.78,0.203,0.076,0.304,1.094
2023-05-09,83.0,0.008,0.012,0.005,1.58,1.78,0.203,0.076,0.304,1.094
2023-05-10,83.0,0.008,0.012,0.005,1.58,1.78,0.203,0.076,0.304,1.094
2023-05-11,83.0,0.008,0.012,0.005,1.58,1.78,0.203,0.076,0.304,1.094
2023-05-12,83.0,0.008,0.012,0.005,1.58,1.78,0.203,0.076,0.304,1.094
2023-05-13,83.0,0.008,0.012,0.005,1.58,1.78,0.203,0.076,0.304,1.094
2023-05-14,83.0,0.008,0.012,0.005,1.58,1.78,0.203,0.076,0.304,1.094
2023-05-15,83.0,0.008,0.012,0.005,1.58,1.78,0.203,0.076,0.304,1.094
2023-05-16,83.0,0.008,0.012,0.005,1.58,1.78,0.203,0.076,0.304,1.094
2023-05-17,83.0,0.008,0.012,0.005,1.58,1.78,0.203,0.076,0.304,1.094
2023-05-18,83.0,0.008,0.012,0.005,1.58,1.78,0.203,0.076,0.304,1.094
2023-05-19,83.0,0.008,0.012,0.005,1.58,1.78,0.203,0.076,0.304,1.094
2023-05-20,83.0,0.008,0.012,0.005,1.58,1.78,0.203,0.076,0.304,1.094
2023-05-21,83.0,0.008,0.012,0.005,1.58,1.78,0.203,0.076,0.304,1.094
2023-05-22,83.0,0.008,0.012,0.005,1.58,1.78,0.203,0.076,0.304,1.094
2023-05-23,83.0,0.008,0.012,0.005,1.58,1.78,0.203,0.076,0.304,1.094
2023-05-24,83.0,0.008,0.012,0.005,1.58,1.78,0.203,0.076,0.304,1.094
2023-05-25,83.0,0.008,0.012,0.005,1.58,1.78,0.203,0.076,0.304,1.094
2023-05-26,83.0,0.008,0.012,0.005,1.58,1.78,0.203,0.076,0.304,1.094
2023-05-27,83.0,0.008,0.012,0.005,1.58,1.78,0.203,0.076,0.304,1.094
2023-05-28,83.0,0.008,0.012,0.005,1.58,1.78,0.203,0.076,0.304,1.094
2023-05-29,83.0,0.008,0.012,0.005,1.58,1.78,0.203,0.076,0.304,1.094
2023-05-30,83.0,0.008,0.012,0.005,1.58,1.78,0.203,0.076,0.304,1.094
2023-05-31,83.0,0.008,0.012,0.005,1.58,1.78,0.203,0.076,0.304,1.094
2023-06-01,83.0,0.008,0.012,0.005,1.58,1.78,0.203,0.076,0.304,1.094
2023-06-02,83.0,0.008,0.012,0.005,1.58,1.78,0.203,0.076,0.304,1.094
2023-06-03,83.0,0.008,0.012,0.005,1.58,1.78,0.203,0.076,0.304,1.094
2023-06-04,83.0,0.008,0.012,0.005,1.58,1.78,0.203,0.076,0.304,1.094
2023-06-05,83.0,0.008,0.012,0.005,1.58,1.78,0.203,0.076,0.304,1.094
2023-06-06,83.0,0.008,0.012,0.005,1.58,1.78,0.203,0.076,0.304,1.094
2023-06-07,83.0,0.008,0.012,0.005,1.58,1.78,0.203,0.076,0.304,1.094
2023-06-08,83.0,0.008,0.012,0.005,1.58,1.78,0.203,0.076,0.304,1.094
2023-06-09,83.0,0.008,0.012,0.005,1.58,1.78,0.203,0.076,0.304,1.094
2023-06-10,83.0,0.008,0.012,0.005,1.58,1.78,0.203,0.076,0.304,1.094
2023-06-11,83.0,0.008,0.012,0.005,1.58,1.78,0.203,0.076,0.304,1.094
2023-06-12,83.0,0.008,0.012,0.005,1.58,1.78,0.203,0.076,0.304,1.094
2023-06-13,83.0,0.008,0.012,0.005,1.58,1.78,0.203,0.076,0.304,1.094
2023-06-14,83.0,0.008,0.012,0.005,1.58,1.78,0.203,0.076,0.304,1.094
2023-06-15,83.0,0.008,0.012,0.005,1.58,1.78,0.203,0.076,0.304,1.094
2023-06-16,83.0,0.008,0.012,0.005,1.58,1.78,0.203,0.076,0.304,1.094
2023-06-17,83.0,0.008,0.012,0.005,1.58,1.78,0.203,0.076,0.304,1.094
2023-06-18,83.0,0.008,0.012,0.005,1.58,1.78,0.203,0.076,0.304,1.094
2023-06-19,83.0,0.008,0.012,0.005,1.58,1.78,0.203,0.076,0.304,1.094
2023-06-20,83.0,0.008,0.012,0.005,1.58,1.78,0.203,0.076,0.304,1.094
2023-06-21,83.0,0.008,0.012,0.005,1.58,1.78,0.203,0.076,0.304,1.094
2023-06-22,83.0,0.008,0.012,0.005,1.58,1.78,0.203,0.076,0.304,1.094
2023-06-23,83.0,0.008,0.012,0.005,1.58,1.78,0.203,0.076,0.304,1.094
2023-06-24,83.0,0.008,0.012,0.005,1.58,1.78,0.203,0.076,0.304,1.094
2023-06-25,83.0,0.008,0.012,0.005,1.58,1.78,0.203,0.076,0.304,1.094
2023-06-26,83.0,0.008,0.012,0.005,1.58,1.78,0.203,0.076,0.304,1.094
2023-06-27,83.0,0.008,0.012,0.005,1.58,1.78,0.203,0.076,0.304,1.094
2023-06-28,83.0,0.008,0.012,0.005,1.58,1.78,0.203,0.076,0.304,1.094
2023-06-29,83.0,0.008,0.012,0.005,1.58,1.78,0.203,0.076,0.304,1.094
2023-06-30,83.0,0.008,0.012,0.005,1.58,1.78,0.203,0.076,0.304,1.094
