"Ngày","Lần cuối","Mở","Cao","Thấp","% Thay đổi"
"19/07/2023","93.03","93.03","93.03","93.03","-1.06%"
"18/07/2023","94.03","94.03","94.03","92.52","5.57%"
"17/07/2023","89.07","89.07","94.01","89.07","-1.10%"
"14/07/2023","90.06","90.06","90.06","89.53","-1.64%"
"13/07/2023","91.56","91.56","91.56","91.56","-1.06%"
"12/07/2023","92.54","92.54","92.54","92.54","-8.37%"
"11/07/2023","100.99","100.99","100.99","100.99","-1.45%"
"10/07/2023","102.48","102.48","102.48","100.49","1.48%"
"07/07/2023","100.99","100.99","102.24","100.99","2.01%"
"06/07/2023","99.00","99.00","101.49","99.00","0.00%"
"05/07/2023","99.00","99.00","99.00","99.00","1.01%"
"04/07/2023","98.01","98.01","98.50","98.01","-1.00%"
"03/07/2023","99.00","99.00","99.00","98.00","0.00%"
"30/06/2023","99.00","99.00","99.50","99.00","-1.00%"
"29/06/2023","100.00","100.00","100.00","100.00","-0.98%"
"28/06/2023","100.99","100.99","100.99","100.50","-0.48%"
"27/06/2023","101.48","101.48","101.99","101.48","-0.01%"
"26/06/2023","101.49","101.49","102.24","101.49","1.49%"
"23/06/2023","100.00","100.00","102.24","100.00","1.01%"
"22/06/2023","99.00","99.00","100.00","99.00","-7.43%"
"21/06/2023","106.95","106.95","106.95","99.50","0.00%"
"20/06/2023","106.95","106.95","106.95","105.97","1.41%"
"19/06/2023","105.46","105.46","105.98","105.46","-1.40%"
"16/06/2023","106.96","106.96","106.96","105.23","0.94%"
"15/06/2023","105.96","105.96","108.48","105.96","-0.93%"
"14/06/2023","106.96","106.96","106.96","106.48","0.48%"
"13/06/2023","106.45","106.45","106.45","105.98","-4.03%"
"12/06/2023","110.92","110.92","110.92","105.72","-2.64%"
"09/06/2023","113.93","113.93","113.93","110.46","-0.02%"
"08/06/2023","113.95","113.95","113.95","113.47","-0.85%"
"07/06/2023","114.93","114.93","114.93","114.48","-2.55%"
"06/06/2023","117.94","117.94","117.94","114.96","-1.69%"
"05/06/2023","119.97","119.97","119.97","117.98","-2.03%"
"02/06/2023","122.45","122.45","122.45","119.99","-3.90%"
"01/06/2023","127.42","127.42","127.42","122.96","2.84%"
"31/05/2023","123.90","123.90","125.18","123.90","1.61%"
"30/05/2023","121.94","121.94","121.94","121.93","-0.01%"
"29/05/2023","121.95","121.95","122.71","121.95","-3.19%"
"26/05/2023","125.97","125.97","125.97","122.73","-4.91%"
"25/05/2023","132.47","132.47","132.47","126.49","5.17%"
"24/05/2023","125.96","125.96","131.22","125.96","-21.35%"
"23/05/2023","160.16","160.16","160.16","122.98","-2.99%"
"22/05/2023","165.10","165.10","165.10","160.05","-5.34%"
"19/05/2023","174.41","174.41","174.41","162.58","-8.00%"
"18/05/2023","189.58","189.58","189.58","186.53","7.00%"
"17/05/2023","177.18","177.18","186.25","177.18","-0.02%"
"16/05/2023","177.21","177.21","186.23","177.21","-0.02%"
"15/05/2023","177.25","177.25","186.22","177.25","-0.02%"
"12/05/2023","177.28","186.19","186.20","177.28","-0.02%"
"11/05/2023","177.32","177.32","186.19","177.32","-4.75%"
"10/05/2023","186.17","177.30","186.17","177.30","0.01%"
"09/05/2023","186.16","177.27","186.16","177.27","5.03%"
"08/05/2023","177.24","177.24","177.24","177.16","0.05%"
"05/05/2023","177.15","180.26","180.26","177.15","1.12%"
"04/05/2023","175.18","175.18","181.00","175.18","0.01%"
"03/05/2023","175.17","175.17","175.17","175.06","2.81%"
"02/05/2023","170.38","170.38","175.08","170.38","0.12%"
"01/05/2023","170.18","170.18","170.18","170.09","-11.76%"
"28/04/2023","192.85","192.85","192.85","170.04","10.01%"
"27/04/2023","175.31","175.31","175.31","172.94","1.54%"
"26/04/2023","172.65","172.65","175.09","172.65","1.39%"
"25/04/2023","170.29","170.29","172.77","170.29","-2.86%"
"24/04/2023","175.31","175.31","175.31","171.68","0.65%"
"21/04/2023","174.17","180.34","180.34","174.17","-1.24%"
"20/04/2023","176.36","176.36","176.36","175.14","-0.04%"
"19/04/2023","176.43","176.43","176.43","176.43","-3.53%"
"18/04/2023","182.89","182.89","182.89","182.89","-1.38%"
"17/04/2023","185.45","185.45","185.45","185.45","-2.59%"
"14/04/2023","190.38","190.38","190.38","190.38","-1.30%"
"13/04/2023","192.89","192.89","192.89","192.89","0.01%"
"12/04/2023","192.87","192.87","192.87","192.87","-5.01%"
"11/04/2023","203.04","203.04","203.04","203.04","0.07%"
"10/04/2023","202.90","202.90","202.90","202.90","-0.08%"
"07/04/2023","203.07","203.07","203.07","203.07","-1.13%"
"06/04/2023","205.40","205.40","205.40","205.40","5.24%"
"05/04/2023","195.16","195.16","195.16","195.16","2.58%"
"04/04/2023","190.25","190.25","190.25","190.25","-0.06%"
"03/04/2023","190.36","190.36","190.36","190.36","-5.14%"
"31/03/2023","200.67","200.67","200.67","200.67","-2.35%"
"30/03/2023","205.49","205.49","205.49","205.49","-10.89%"
"29/03/2023","230.59","230.59","230.59","230.59","-2.05%"
"28/03/2023","235.41","235.41","235.41","235.41","2.34%"
"27/03/2023","230.03","230.03","230.03","230.03","0.17%"
"24/03/2023","229.64","229.64","229.64","229.64","6.85%"
"23/03/2023","214.91","214.91","214.91","214.91","-7.66%"
"22/03/2023","232.73","232.73","232.73","232.73","-1.52%"
"21/03/2023","236.33","236.33","236.33","236.33","-36.03%"
"20/03/2023","369.43","369.43","369.43","369.43","-65.40%"
"17/03/2023","1067.71","1067.71","1067.71","1067.71","5.90%"
"16/03/2023","1008.21","1008.21","1008.21","1008.21","-20.40%"
"15/03/2023","1266.59","1266.59","1266.59","1266.59","198.74%"
"14/03/2023","423.97","423.97","423.97","423.97","0.01%"
"13/03/2023","423.94","423.94","423.94","423.94","9.41%"
"10/03/2023","387.49","387.49","421.15","387.49","3.63%"
"09/03/2023","373.93","373.93","386.74","373.93","1.36%"
"08/03/2023","368.93","368.93","373.01","368.93","2.15%"
"07/03/2023","361.17","361.17","364.26","361.17","0.84%"
"06/03/2023","358.17","360.17","360.17","358.17","0.85%"
"03/03/2023","355.15","353.36","355.15","353.36","1.71%"
"02/03/2023","349.18","342.86","349.18","342.86","2.29%"
"01/03/2023","341.36","344.78","344.78","341.36","-1.08%"
"28/02/2023","345.09","346.11","346.11","345.09","-0.85%"
"27/02/2023","348.05","348.48","348.48","348.05","-0.34%"
"24/02/2023","349.24","342.95","349.24","342.95","0.81%"
"23/02/2023","346.44","362.81","362.81","346.44","-4.77%"
"22/02/2023","363.80","353.04","363.80","353.04","2.71%"
"21/02/2023","354.20","334.17","354.20","334.17","5.85%"
"20/02/2023","334.62","334.13","334.62","334.13","0.80%"
"17/02/2023","331.97","329.19","331.97","329.19","1.48%"
"16/02/2023","327.14","322.61","327.14","322.61","1.03%"
"15/02/2023","323.81","323.84","323.84","323.81","0.52%"
"14/02/2023","322.13","326.82","326.82","322.13","-1.92%"
"13/02/2023","328.43","321.81","328.43","321.81","3.10%"
"10/02/2023","318.57","297.32","318.57","297.32","8.53%"
"09/02/2023","293.53","292.42","293.53","292.42","0.77%"
"08/02/2023","291.30","282.95","291.30","282.95","3.48%"
"07/02/2023","281.50","291.25","291.25","281.50","-4.36%"
"06/02/2023","294.33","288.53","294.33","288.53","2.65%"
"03/02/2023","286.74","273.32","286.74","273.32","5.68%"
"02/02/2023","271.32","278.24","278.24","271.32","-3.70%"
"01/02/2023","281.73","283.35","283.35","281.73","-0.85%"
"31/01/2023","284.15","283.39","284.15","283.39","0.83%"
"30/01/2023","281.81","268.41","281.81","268.41","5.24%"
"27/01/2023","267.79","268.58","268.58","267.79","-1.49%"
"26/01/2023","271.84","288.64","288.64","271.84","-5.99%"
"25/01/2023","289.17","293.44","293.44","289.17","-1.72%"
"24/01/2023","294.22","298.52","298.52","294.22","-4.13%"
"23/01/2023","306.88","313.83","313.83","306.88","-2.46%"
"20/01/2023","314.61","310.88","314.61","310.88","1.26%"
"19/01/2023","310.69","301.58","310.69","301.58","4.24%"
"18/01/2023","298.05","328.88","328.88","298.05","-8.81%"
"17/01/2023","326.83","327.28","327.28","326.83","-0.57%"
"16/01/2023","328.69","324.63","328.69","324.63","1.22%"
"13/01/2023","324.72","339.34","339.34","324.72","-2.89%"
"12/01/2023","334.39","349.68","349.68","334.39","-3.68%"
"11/01/2023","347.17","367.73","367.73","347.17","-5.28%"
"10/01/2023","366.51","367.85","367.85","366.51","0.06%"
"09/01/2023","366.30","385.76","385.76","366.30","-4.93%"
"06/01/2023","385.28","390.98","390.98","385.28","-1.40%"
"05/01/2023","390.75","381.56","390.75","381.56","2.69%"
"04/01/2023","380.53","386.73","386.73","380.53","-0.68%"
"03/01/2023","383.13","377.54","383.13","377.54","0.56%"
"02/01/2023","381.01","377.67","381.01","377.67","-0.13%"
"30/12/2022","381.52","377.51","381.52","377.51","0.08%"
"29/12/2022","381.22","381.60","381.60","381.22","-1.16%"
"28/12/2022","385.68","389.29","389.29","385.68","-1.69%"
"27/12/2022","392.32","389.33","392.32","389.33","0.08%"
"26/12/2022","392.02","389.04","392.02","389.04","-0.06%"
"23/12/2022","392.26","397.10","397.10","392.26","-1.01%"
"22/12/2022","396.26","393.28","396.26","393.28","0.51%"
"21/12/2022","394.25","397.51","397.51","394.25","-0.56%"
"20/12/2022","396.47","397.26","397.26","396.47","0.09%"
"19/12/2022","396.13","402.21","402.21","396.13","-0.71%"
"16/12/2022","398.98","389.06","398.98","389.06","3.09%"
"15/12/2022","387.03","382.22","387.03","382.22","2.22%"
"14/12/2022","378.61","382.81","382.81","378.61","-0.71%"
"13/12/2022","381.31","411.60","411.60","381.31","-5.45%"
"12/12/2022","403.30","413.69","413.69","403.30","-0.87%"
"09/12/2022","406.84","417.91","417.91","406.84","-2.33%"
"08/12/2022","416.54","403.18","416.54","403.18","4.40%"
"07/12/2022","399.00","398.14","399.00","398.14","1.30%"
"06/12/2022","393.89","397.86","397.86","393.89","0.59%"
"05/12/2022","391.58","413.26","413.26","391.58","-4.34%"
"02/12/2022","409.36","433.05","433.05","409.36","-3.90%"
"01/12/2022","425.97","411.24","425.97","411.24","-3.57%"
"30/11/2022","441.72","411.54","441.72","411.54","8.93%"
"29/11/2022","405.52","406.02","406.02","405.52","0.63%"
"28/11/2022","402.98","348.78","402.98","348.78","16.89%"
"25/11/2022","344.75","329.16","344.75","329.16","4.67%"
"24/11/2022","329.37","333.90","333.90","329.37","-1.56%"
"23/11/2022","334.58","324.85","334.58","324.85","8.02%"
"22/11/2022","309.75","324.65","324.65","309.75","-3.11%"
"21/11/2022","319.69","329.33","329.33","319.69","-1.53%"
"18/11/2022","324.67","339.23","339.23","324.67","-3.03%"
"17/11/2022","334.83","319.31","334.83","319.31","5.63%"
"16/11/2022","316.98","294.45","316.98","294.45","6.65%"
"15/11/2022","297.21","294.20","297.21","294.20","0.04%"
"14/11/2022","297.10","299.23","299.23","297.10","1.61%"
"11/11/2022","292.40","299.45","299.45","292.40","-3.07%"
"10/11/2022","301.66","338.66","338.66","301.66","-11.10%"
"09/11/2022","339.33","319.69","339.33","319.69","9.61%"
"08/11/2022","309.58","319.41","319.41","309.58","-1.18%"
"07/11/2022","313.27","319.41","319.41","313.27","-0.49%"
"04/11/2022","314.81","325.13","325.13","314.81","-1.73%"
"03/11/2022","320.34","274.63","320.34","274.63","17.73%"
"02/11/2022","272.10","260.32","272.10","260.32","4.77%"
"01/11/2022","259.70","259.72","259.72","259.70","-0.06%"
"31/10/2022","259.86","269.56","269.56","259.86","-1.93%"
"28/10/2022","264.97","259.16","264.97","259.16","4.18%"
"27/10/2022","254.34","270.56","270.56","254.34","-4.12%"
"26/10/2022","265.27","255.22","265.27","255.22","2.97%"
"25/10/2022","257.61","266.26","266.26","257.61","-3.85%"
"24/10/2022","267.92","260.42","267.92","260.42","1.02%"
"21/10/2022","265.21","271.79","271.79","265.21","-1.15%"
"20/10/2022","268.29","260.10","268.29","260.10","2.14%"
"19/10/2022","262.66","259.10","262.66","259.10","3.19%"
"18/10/2022","254.55","274.85","274.85","254.55","-9.04%"
"17/10/2022","279.84","322.12","322.12","279.84","-12.83%"
"14/10/2022","321.01","337.47","337.47","321.01","-4.50%"
"13/10/2022","336.13","337.47","337.47","336.13","0.04%"
"12/10/2022","335.99","326.20","335.99","326.20","5.61%"
"11/10/2022","318.15","309.22","318.15","309.22","4.43%"
"10/10/2022","304.66","303.55","304.66","303.55","-3.16%"
"07/10/2022","314.60","359.05","359.05","314.60","-10.12%"
"06/10/2022","350.02","384.59","384.59","350.02","-6.75%"
"05/10/2022","375.37","308.88","375.37","308.88","22.44%"
"04/10/2022","306.57","313.54","313.54","306.57","-5.39%"
"03/10/2022","324.02","247.91","324.02","247.91","30.25%"
"30/09/2022","248.76","242.99","248.76","242.99","3.05%"
"29/09/2022","241.39","233.07","241.39","233.07","4.30%"
"28/09/2022","231.44","228.28","231.44","228.28","2.54%"
"27/09/2022","225.71","228.26","228.26","225.71","3.38%"
"26/09/2022","218.34","213.71","218.34","213.71","1.16%"
"23/09/2022","215.84","213.44","215.84","213.44","1.64%"
"22/09/2022","212.35","223.63","223.63","212.35","-4.43%"
"21/09/2022","222.19","219.26","222.19","219.26","1.09%"
"20/09/2022","219.80","209.84","219.80","209.84","6.34%"
"19/09/2022","206.69","203.97","206.69","203.97","0.01%"
"16/09/2022","206.67","203.97","206.67","203.97","1.57%"
"15/09/2022","203.48","200.85","203.48","200.85","0.73%"
"14/09/2022","202.01","207.92","207.92","202.01","-0.29%"
"13/09/2022","202.59","229.83","229.83","202.59","-2.59%"
"12/09/2022","207.97","207.92","207.97","207.92","0.02%"
"09/09/2022","207.92","230.23","230.23","207.92","-5.18%"
"08/09/2022","219.29","229.83","229.83","219.29","0.00%"
"07/09/2022","219.29","230.83","230.83","219.29","0.03%"
"06/09/2022","219.23","230.23","230.23","219.23","0.02%"
"05/09/2022","219.18","229.83","229.83","219.18","0.01%"
"02/09/2022","219.15","229.83","229.83","219.15","-4.98%"
"01/09/2022","230.63","225.82","230.63","225.82","3.69%"
"31/08/2022","222.43","219.23","222.43","219.23","3.16%"
"30/08/2022","215.62","212.91","215.62","212.91","2.77%"
"29/08/2022","209.81","213.69","213.69","209.81","0.08%"
"26/08/2022","209.64","206.86","209.64","206.86","0.65%"
"25/08/2022","208.29","210.96","210.96","208.29","-1.08%"
"24/08/2022","210.56","209.06","210.56","209.06","-0.01%"
"23/08/2022","210.58","209.12","210.58","209.12","0.90%"
"22/08/2022","208.71","195.34","208.71","195.34","4.20%"
"19/08/2022","200.30","191.69","200.30","191.69","2.28%"
"18/08/2022","195.84","198.94","198.94","195.84","-0.92%"
"17/08/2022","197.66","192.98","197.66","192.98","2.13%"
"16/08/2022","193.53","191.01","193.53","191.01","1.09%"
"15/08/2022","191.44","190.89","191.44","190.89","-0.80%"
"12/08/2022","192.98","190.86","192.98","190.86","-1.03%"
"11/08/2022","194.98","198.70","198.70","194.98","-3.12%"
"10/08/2022","201.26","202.83","202.83","201.26","-1.58%"
"09/08/2022","204.49","191.21","204.49","191.21","2.98%"
"08/08/2022","198.58","195.12","198.58","195.12","-1.06%"
"05/08/2022","200.70","199.01","200.70","199.01","-0.38%"
"04/08/2022","201.46","194.07","201.46","194.07","1.68%"
"03/08/2022","198.14","202.93","202.93","198.14","-1.91%"
"02/08/2022","202.00","193.87","202.00","193.87","3.88%"
"01/08/2022","194.45","189.54","194.45","189.54","1.67%"
"29/07/2022","191.26","195.94","195.94","191.26","-4.06%"
"28/07/2022","199.35","206.92","206.92","199.35","-3.23%"
"27/07/2022","206.01","200.92","206.01","200.92","3.36%"
"26/07/2022","199.31","193.87","199.31","193.87","3.56%"
"25/07/2022","192.46","194.05","194.05","192.46","-2.42%"
"22/07/2022","197.23","205.75","205.75","197.23","-5.17%"
"21/07/2022","207.98","208.78","208.78","207.98","-0.68%"
"20/07/2022","209.41","218.87","218.87","209.41","-4.59%"
"19/07/2022","219.49","224.56","224.56","219.49","-2.83%"
"18/07/2022","225.89","231.49","231.49","225.89","-1.00%"
"15/07/2022","228.17","220.97","228.17","220.97","1.56%"
"14/07/2022","224.66","217.98","224.66","217.98","2.83%"
"13/07/2022","218.48","215.85","218.48","215.85","1.03%"
"12/07/2022","216.25","207.70","216.25","207.70","2.83%"
"11/07/2022","210.29","206.34","210.29","206.34","1.01%"
"08/07/2022","208.18","210.78","210.78","208.18","-1.14%"
"07/07/2022","210.58","213.76","213.76","210.58","-1.71%"
"06/07/2022","214.25","213.62","214.25","213.62","0.04%"
"05/07/2022","214.16","201.06","214.16","201.06","2.42%"
"04/07/2022","209.10","203.06","209.61","203.06","-0.24%"
"01/07/2022","209.61","203.56","209.61","203.56","1.72%"
"30/06/2022","206.06","193.71","206.06","193.71","6.06%"
"29/06/2022","194.29","186.58","194.29","186.58","3.58%"
"28/06/2022","187.57","181.14","187.57","181.14","0.81%"
"27/06/2022","186.06","181.54","186.06","181.54","2.06%"
"24/06/2022","182.30","181.71","182.30","181.71","-0.40%"
"23/06/2022","183.04","177.62","183.04","177.62","3.58%"
"22/06/2022","176.72","171.67","176.72","171.67","2.54%"
"21/06/2022","172.34","159.48","172.34","159.48","-0.71%"
"20/06/2022","173.58","159.18","173.58","159.18","0.56%"
"17/06/2022","172.62","158.88","172.62","158.88","0.26%"
"16/06/2022","172.17","159.28","172.17","159.28","6.88%"
"15/06/2022","161.08","161.95","161.95","161.08","-1.52%"
"14/06/2022","163.56","155.52","163.56","155.52","4.29%"
"13/06/2022","156.83","150.50","156.83","150.50","5.40%"
"10/06/2022","148.79","136.59","148.79","136.59","9.14%"
"09/06/2022","136.33","134.58","136.33","134.58","1.50%"
"08/06/2022","134.31","134.61","134.61","134.31","0.39%"
"07/06/2022","133.79","131.94","133.79","131.94","1.00%"
"06/06/2022","132.47","131.93","132.47","131.93","-0.39%"
"03/06/2022","132.99","131.93","132.99","131.93","-0.02%"
"02/06/2022","133.01","131.95","133.01","131.95","0.02%"
"01/06/2022","132.98","129.35","132.98","129.35","1.36%"
"31/05/2022","131.19","123.15","131.19","123.15","2.81%"
"30/05/2022","127.60","125.65","127.60","125.65","-1.71%"
"27/05/2022","129.82","130.77","130.77","129.82","-3.04%"
"26/05/2022","133.89","138.49","138.49","133.89","-4.18%"
"25/05/2022","139.73","142.67","142.67","139.73","-1.82%"
"24/05/2022","142.32","138.55","142.32","138.55","1.82%"
"23/05/2022","139.77","145.93","145.93","139.77","-3.22%"
"20/05/2022","144.42","142.49","144.42","142.49","1.91%"
"19/05/2022","141.71","141.48","141.71","141.48","1.41%"
"18/05/2022","139.74","137.57","139.74","137.57","1.75%"
"17/05/2022","137.34","143.56","143.56","137.34","-3.47%"
"16/05/2022","142.27","141.53","142.27","141.53","1.05%"
"13/05/2022","140.79","145.13","145.13","140.79","-0.26%"
"12/05/2022","141.16","144.53","144.53","141.16","0.79%"
"11/05/2022","140.06","144.53","144.53","140.06","-2.88%"
"10/05/2022","144.21","143.48","144.21","143.48","-0.01%"
"09/05/2022","144.23","140.57","144.23","140.57","3.15%"
"06/05/2022","139.83","137.52","139.83","137.52","0.58%"
"05/05/2022","139.03","137.52","139.03","137.52","2.00%"
"04/05/2022","136.31","133.69","136.31","133.69","1.86%"
"03/05/2022","133.82","135.58","135.58","133.82","-0.36%"
"02/05/2022","134.30","135.61","135.61","134.30","-0.02%"
"29/04/2022","134.33","136.11","136.11","134.33","0.56%"
"28/04/2022","133.58","133.14","133.58","133.14","1.17%"
"27/04/2022","132.04","128.14","132.04","128.14","2.69%"
"26/04/2022","128.58","124.74","128.58","124.74","4.27%"
"25/04/2022","123.32","119.76","123.32","119.76","2.84%"
"22/04/2022","119.91","119.79","119.91","119.79","0.84%"
"21/04/2022","118.91","119.75","119.75","118.91","-0.80%"
"20/04/2022","119.87","121.25","121.25","119.87","-0.63%"
"19/04/2022","120.63","118.89","120.63","118.89","1.47%"
"18/04/2022","118.88","118.77","118.88","118.77","-0.01%"
"15/04/2022","118.89","118.78","118.89","118.78","0.01%"
"14/04/2022","118.88","119.77","119.77","118.88","0.01%"
"13/04/2022","118.87","117.79","118.87","117.79","0.84%"
"12/04/2022","117.88","118.29","118.29","117.88","0.19%"
"11/04/2022","117.66","119.81","119.81","117.66","-1.46%"
"08/04/2022","119.40","121.74","121.74","119.40","-1.22%"
"07/04/2022","120.87","119.75","120.87","119.75","0.82%"
"06/04/2022","119.89","119.80","119.89","119.80","0.41%"
"05/04/2022","119.40","117.79","119.40","117.79","2.16%"
"04/04/2022","116.88","119.76","119.76","116.88","-1.21%"
"01/04/2022","118.31","119.65","119.65","118.31","-0.82%"
"31/03/2022","119.29","121.58","121.58","119.29","-0.86%"
"30/03/2022","120.32","119.64","120.32","119.64","0.41%"
"29/03/2022","119.83","126.51","126.51","119.83","-5.84%"
"28/03/2022","127.26","128.51","128.51","127.26","-1.16%"
"25/03/2022","128.75","131.40","131.40","128.75","-1.50%"
"24/03/2022","130.71","129.43","130.71","129.43","1.18%"
"23/03/2022","129.19","127.47","129.19","127.47","0.73%"
"22/03/2022","128.26","131.45","131.45","128.26","-1.89%"
"21/03/2022","130.73","128.23","130.73","128.23","5.61%"
"18/03/2022","123.79","120.64","123.79","120.64","2.88%"
"17/03/2022","120.32","120.66","120.66","120.32","-2.04%"
"16/03/2022","122.83","127.04","127.04","122.83","-2.91%"
"15/03/2022","126.51","126.06","126.51","126.06","0.78%"
"14/03/2022","125.53","127.48","127.48","125.53","-0.57%"
"11/03/2022","126.25","124.52","126.25","124.52","1.16%"
"10/03/2022","124.80","117.66","124.80","117.66","5.02%"
"09/03/2022","118.84","129.43","129.43","118.84","-9.45%"
"08/03/2022","131.24","135.35","135.35","131.24","-1.08%"
"07/03/2022","132.67","123.29","132.67","123.29","11.37%"
"04/03/2022","119.13","114.07","119.13","114.07","8.26%"
"03/03/2022","110.04","111.87","111.87","110.04","2.42%"
"02/03/2022","107.44","109.70","109.70","107.44","1.04%"
"01/03/2022","106.33","107.66","107.66","106.33","0.96%"
"28/02/2022","105.32","99.01","105.32","99.01","7.47%"
"25/02/2022","98.00","103.94","103.94","98.00","-4.35%"
"24/02/2022","102.46","98.03","102.46","98.03","5.08%"
"23/02/2022","97.51","97.04","97.51","97.04","1.56%"
"22/02/2022","96.01","100.00","100.00","96.01","-1.02%"
"21/02/2022","97.00","89.14","97.00","89.14","10.77%"
"18/02/2022","87.57","82.72","87.57","82.72","6.33%"
"17/02/2022","82.36","82.73","82.73","82.36","0.61%"
"16/02/2022","81.86","82.23","82.23","81.86","-0.30%"
"15/02/2022","82.11","84.20","84.20","82.11","-1.18%"
"14/02/2022","83.09","80.59","83.09","80.59","4.82%"
"11/02/2022","79.27","78.24","79.27","78.24","2.17%"
"10/02/2022","77.59","74.30","77.59","74.30","3.92%"
"09/02/2022","74.66","77.28","77.28","74.66","-2.57%"
"08/02/2022","76.63","80.23","80.23","76.63","-2.52%"
"07/02/2022","78.61","75.24","78.61","75.24","5.38%"
"04/02/2022","74.60","73.26","74.60","73.26","3.48%"
"03/02/2022","72.09","68.32","72.09","68.32","5.78%"
"02/02/2022","68.15","70.31","70.31","68.15","-2.15%"
"01/02/2022","69.65","70.27","70.27","69.65","0.06%"
"31/01/2022","69.61","70.01","70.01","69.61","0.16%"
"28/01/2022","69.50","67.32","69.50","67.32","2.73%"
"27/01/2022","67.65","67.30","67.65","67.30","2.27%"
"26/01/2022","66.15","66.82","66.82","66.15","0.36%"
"25/01/2022","65.91","66.83","66.83","65.91","-0.02%"
"24/01/2022","65.92","64.38","65.92","64.38","4.30%"
"21/01/2022","63.20","64.78","64.78","64.78","2.07%"
"20/01/2022","61.92","60.37","61.92","60.37","-0.80%"
"19/01/2022","62.42","64.78","64.78","62.42","-1.55%"
"18/01/2022","63.40","63.84","63.84","63.40","3.24%"
"17/01/2022","61.41","60.37","61.41","60.37","2.92%"
"14/01/2022","59.67","59.38","59.67","59.38","1.65%"
"13/01/2022","58.70","59.38","59.38","58.70","0.86%"
"12/01/2022","58.20","59.89","59.89","58.20","-1.24%"
"11/01/2022","58.93","59.73","59.73","58.86","0.12%"
"10/01/2022","58.86","58.85","58.86","58.85","1.62%"
"07/01/2022","57.92","58.40","58.40","57.92","1.28%"
"06/01/2022","57.19","56.39","57.19","56.39","2.68%"
"05/01/2022","55.70","56.91","56.91","55.70","-1.33%"
"04/01/2022","56.45","57.41","57.41","56.45","-1.29%"
"03/01/2022","57.19","57.40","57.40","57.19","-0.02%"
"31/12/2021","57.20","58.90","58.90","57.20","-2.12%"
"30/12/2021","58.44","57.90","58.44","57.90","0.86%"
"29/12/2021","57.94","57.40","57.94","57.40","0.42%"
"28/12/2021","57.70","57.41","57.70","57.41","0.02%"
"27/12/2021","57.69","57.40","57.69","57.40","0.51%"
"24/12/2021","57.40","57.90","57.90","57.40","-0.93%"
"23/12/2021","57.94","57.90","57.94","57.90","0.02%"
"22/12/2021","57.93","59.89","59.89","57.93","-1.70%"
"21/12/2021","58.93","60.38","60.38","58.93","-2.09%"
"20/12/2021","60.19","59.40","60.19","59.40","0.82%"
"17/12/2021","59.70","60.39","60.39","59.70","-0.83%"
"16/12/2021","60.20","61.37","61.37","60.20","-0.79%"
"15/12/2021","60.68","60.39","60.68","60.39","0.81%"
"14/12/2021","60.19","61.88","61.88","60.19","-2.03%"
"13/12/2021","61.44","61.87","61.87","61.44","0.00%"
"10/12/2021","61.44","61.88","61.88","61.44","-0.02%"
"09/12/2021","61.45","62.88","62.88","61.45","-1.57%"
"08/12/2021","62.43","62.88","62.88","62.43","-0.79%"
"07/12/2021","62.93","65.34","65.34","62.93","-2.71%"
"06/12/2021","64.68","65.37","65.37","64.68","0.00%"
"03/12/2021","64.68","65.34","65.34","64.68","-0.02%"
"02/12/2021","64.69","60.40","64.69","60.40","0.03%"
"01/12/2021","64.67","65.34","65.34","64.67","-0.78%"
"30/11/2021","65.18","65.39","65.39","65.18","0.00%"
"29/11/2021","65.18","67.80","67.80","65.18","-2.60%"
"26/11/2021","66.92","57.70","66.92","57.70","7.61%"
"25/11/2021","62.19","60.40","62.88","60.40","0.42%"
"24/11/2021","61.93","60.40","61.93","60.40","3.79%"
"23/11/2021","59.67","58.38","59.67","58.38","2.54%"
"22/11/2021","58.19","57.40","58.19","57.40","1.70%"
"19/11/2021","57.22","57.83","57.83","57.22","-0.35%"
"18/11/2021","57.42","57.70","57.70","57.42","0.12%"
"17/11/2021","57.35","57.41","57.41","57.35","0.24%"
"16/11/2021","57.21","57.42","57.42","57.21","0.00%"
"15/11/2021","57.21","57.43","57.43","57.21","-0.03%"
"12/11/2021","57.23","57.41","57.41","57.23","0.99%"
"11/11/2021","56.67","56.87","56.87","56.67","0.46%"
"10/11/2021","56.41","56.39","56.41","56.39","0.39%"
"09/11/2021","56.19","57.37","57.37","56.19","-0.85%"
"08/11/2021","56.67","58.38","58.38","56.67","-1.36%"
"05/11/2021","57.45","59.39","59.39","57.45","-1.34%"
"04/11/2021","58.23","59.91","59.91","58.23","-2.05%"
"03/11/2021","59.45","60.40","60.40","59.45","-0.49%"
"02/11/2021","59.74","60.93","60.93","59.74","-0.38%"
"01/11/2021","59.97","61.42","61.42","59.97","0.49%"
"29/10/2021","59.68","58.45","59.68","58.45","3.49%"
"28/10/2021","57.67","57.91","57.91","57.67","0.38%"
"27/10/2021","57.45","58.38","58.38","57.45","-0.43%"
"26/10/2021","57.70","58.41","58.41","57.70","-0.88%"
"25/10/2021","58.21","58.41","58.41","58.21","-0.82%"
"22/10/2021","58.69","58.38","58.69","58.38","0.02%"
"21/10/2021","58.68","59.40","59.40","58.68","-0.91%"
"20/10/2021","59.22","60.40","60.40","59.22","-1.60%"
"19/10/2021","60.18","60.88","60.88","60.18","-0.38%"
"18/10/2021","60.41","60.89","60.89","60.41","-0.05%"
"15/10/2021","60.44","62.38","62.38","60.44","-1.26%"
"14/10/2021","61.21","63.37","63.37","61.21","-2.35%"
"13/10/2021","62.68","63.37","63.37","62.68","0.02%"
"12/10/2021","62.67","62.38","62.67","62.38","0.80%"
"11/10/2021","62.17","62.87","62.87","62.17","0.40%"
"08/10/2021","61.92","62.87","62.87","61.92","0.80%"
"07/10/2021","61.43","62.37","62.37","61.43","0.41%"
"06/10/2021","61.18","60.88","61.18","60.88","1.22%"
"05/10/2021","60.44","59.90","60.44","59.90","2.53%"
"04/10/2021","58.95","58.90","58.95","58.90","0.84%"
"01/10/2021","58.46","58.92","58.92","58.46","0.02%"
"30/09/2021","58.45","59.40","59.40","58.45","-0.43%"
"29/09/2021","58.70","58.92","58.92","58.70","0.43%"
"28/09/2021","58.45","59.37","59.37","58.45","-0.39%"
"27/09/2021","58.68","58.38","58.68","58.38","1.73%"
"24/09/2021","57.68","57.87","57.87","57.68","0.45%"
"23/09/2021","57.42","58.37","58.37","57.42","-0.45%"
"22/09/2021","57.68","58.86","58.86","57.68","-1.28%"
"21/09/2021","58.43","61.87","61.87","58.43","-2.52%"
"20/09/2021","59.94","56.81","59.94","56.81","14.35%"
"17/09/2021","52.42","52.84","52.84","52.42","0.00%"
"16/09/2021","52.42","52.84","52.84","52.42","-0.94%"
"15/09/2021","52.92","53.34","53.34","52.92","-0.47%"
"14/09/2021","53.17","53.84","53.84","53.17","-0.47%"
"13/09/2021","53.42","54.34","54.34","53.42","-1.37%"
"10/09/2021","54.16","54.35","54.35","54.16","-0.04%"
"09/09/2021","54.18","54.34","54.34","54.18","0.02%"
"08/09/2021","54.17","54.34","54.34","54.17","0.02%"
"07/09/2021","54.16","54.34","54.34","54.16","-0.02%"
"06/09/2021","54.17","55.34","55.34","54.17","-1.79%"
"03/09/2021","55.16","55.34","55.34","55.16","-0.02%"
"02/09/2021","55.17","55.34","55.34","55.17","0.00%"
"01/09/2021","55.17","56.33","56.33","55.17","-1.76%"
"31/08/2021","56.16","56.34","56.34","56.16","-0.02%"
"30/08/2021","56.17","56.34","56.34","56.17","0.00%"
"27/08/2021","56.17","56.34","56.34","56.17","0.02%"
"26/08/2021","56.16","56.34","56.34","56.16","0.00%"
"25/08/2021","56.16","56.34","56.34","56.16","-0.02%"
"24/08/2021","56.17","58.33","58.33","56.17","-2.58%"
"23/08/2021","57.66","58.33","58.33","57.66","-0.88%"
"20/08/2021","58.17","58.34","58.34","58.17","0.02%"
"19/08/2021","58.16","57.34","58.16","57.34","1.73%"
"18/08/2021","57.17","57.33","57.33","57.17","0.02%"
"17/08/2021","57.16","57.33","57.33","57.16","-0.02%"
"16/08/2021","57.17","57.34","57.34","57.17","0.00%"
"13/08/2021","57.17","57.34","57.34","57.17","0.02%"
"12/08/2021","57.16","57.17","57.17","57.16","-0.02%"
"11/08/2021","57.17","57.33","57.33","57.17","0.00%"
"10/08/2021","57.17","56.84","57.17","56.84","0.44%"
"09/08/2021","56.92","56.84","56.92","56.84","0.02%"
"06/08/2021","56.91","57.34","57.34","56.91","-0.45%"
"05/08/2021","57.17","57.34","57.34","57.17","0.00%"
"04/08/2021","57.17","57.34","57.34","57.17","0.00%"
"03/08/2021","57.17","57.35","57.35","57.17","-0.02%"
"02/08/2021","57.18","57.35","57.35","57.18","0.02%"
"30/07/2021","57.17","57.35","57.35","57.17","0.00%"
"29/07/2021","57.17","60.34","60.34","57.17","-4.17%"
"28/07/2021","59.66","60.33","60.33","59.66","-0.02%"
"27/07/2021","59.67","59.34","59.67","59.34","0.85%"
"26/07/2021","59.17","59.34","59.34","59.17","0.00%"
"23/07/2021","59.17","60.34","60.34","59.17","-1.66%"
"22/07/2021","60.17","60.34","60.34","60.17","0.02%"
"21/07/2021","60.16","62.33","62.33","60.16","-2.45%"
"20/07/2021","61.67","62.33","62.33","61.67","0.00%"
"19/07/2021","61.67","60.34","61.67","60.34","2.49%"
"16/07/2021","60.17","60.34","60.34","60.17","0.00%"
"15/07/2021","60.17","60.34","60.34","60.17","0.00%"
"14/07/2021","60.17","60.33","60.33","60.17","0.02%"
"13/07/2021","60.16","60.33","60.33","60.16","-0.84%"
"12/07/2021","60.67","60.34","60.67","60.34","0.02%"
"09/07/2021","60.66","62.32","62.32","60.66","-1.62%"
"08/07/2021","61.66","59.84","61.66","59.84","3.77%"
"07/07/2021","59.42","59.84","59.84","59.42","-0.02%"
"06/07/2021","59.43","59.34","59.43","59.34","1.31%"
"05/07/2021","58.66","58.85","58.85","58.66","0.39%"
"02/07/2021","58.43","58.35","58.43","58.35","0.43%"
"01/07/2021","58.18","58.85","58.85","58.18","-0.43%"
"30/06/2021","58.43","58.85","58.85","58.43","0.02%"
"29/06/2021","58.42","58.85","58.85","58.42","0.00%"
"28/06/2021","58.42","57.85","58.42","57.85","0.86%"
"25/06/2021","57.92","59.34","59.34","57.92","-1.28%"
"24/06/2021","58.67","59.84","59.84","58.67","-1.26%"
"23/06/2021","59.42","60.34","60.34","59.42","-0.42%"
"22/06/2021","59.67","60.84","60.84","59.67","-1.22%"
"21/06/2021","60.41","59.84","60.41","59.84","0.83%"
"18/06/2021","59.91","58.35","59.91","58.35","3.01%"
"17/06/2021","58.16","58.25","58.25","58.16","0.05%"
"16/06/2021","58.13","59.75","61.76","58.13","-0.84%"
"15/06/2021","58.62","61.26","61.26","58.62","-1.26%"
"14/06/2021","59.37","59.75","59.75","59.37","-0.02%"
"11/06/2021","59.38","60.27","60.27","59.38","-1.25%"
"10/06/2021","60.13","61.25","61.25","60.13","-0.82%"
"09/06/2021","60.63","61.26","61.26","60.63","-0.82%"
"08/06/2021","61.13","61.75","61.75","61.13","0.43%"
"07/06/2021","60.87","61.75","61.75","60.87","-0.02%"
"04/06/2021","60.88","61.26","61.26","60.88","0.43%"
"03/06/2021","60.62","59.27","60.62","59.27","2.52%"
"02/06/2021","59.13","60.26","60.26","59.13","-0.84%"
"01/06/2021","59.63","60.77","60.77","59.63","-1.24%"
"31/05/2021","60.38","60.76","60.76","60.38","0.00%"
"28/05/2021","60.38","60.76","60.76","60.38","0.02%"
"27/05/2021","60.37","61.77","61.77","60.37","-1.66%"
"26/05/2021","61.39","61.77","61.77","61.39","-0.81%"
"25/05/2021","61.89","61.77","61.89","61.77","0.02%"
"24/05/2021","61.88","61.77","61.88","61.77","-0.02%"
"21/05/2021","61.89","59.28","61.89","59.28","-0.39%"
"20/05/2021","62.13","60.27","62.13","60.27","1.64%"
"19/05/2021","61.13","59.77","61.13","59.77","2.09%"
"18/05/2021","59.88","59.28","59.88","59.28","1.27%"
"17/05/2021","59.13","59.27","59.27","59.13","-0.02%"
"14/05/2021","59.14","59.77","59.77","59.14","-1.24%"
"13/05/2021","59.88","59.77","59.88","59.77","1.70%"
"12/05/2021","58.88","58.78","58.88","58.78","0.86%"
"11/05/2021","58.38","57.29","58.38","57.29","2.17%"
"10/05/2021","57.14","56.78","57.14","56.78","0.02%"
"07/05/2021","57.13","57.29","57.29","57.13","-0.02%"
"06/05/2021","57.14","56.78","57.14","56.78","0.44%"
"05/05/2021","56.89","57.28","57.28","56.89","-0.45%"
"04/05/2021","57.15","56.29","57.15","56.29","1.80%"
"03/05/2021","56.14","56.28","56.28","56.14","-0.02%"
"30/04/2021","56.15","55.79","56.15","55.79","0.48%"
"29/04/2021","55.88","56.28","56.28","55.88","-1.32%"
"28/04/2021","56.63","56.28","56.63","56.28","0.89%"
"27/04/2021","56.13","56.28","56.28","56.13","0.88%"
"26/04/2021","55.64","55.29","55.64","55.29","0.91%"
"23/04/2021","55.14","55.28","55.28","55.14","0.02%"
"22/04/2021","55.13","59.75","59.75","55.13","-7.93%"
"21/04/2021","59.88","60.77","60.77","59.88","-0.83%"
"20/04/2021","60.38","60.26","60.38","60.26","0.43%"
"19/04/2021","60.12","60.25","60.25","60.12","0.00%"
"16/04/2021","60.12","61.26","61.26","60.12","-1.65%"
"15/04/2021","61.13","63.23","63.23","61.13","-3.14%"
"14/04/2021","63.11","63.72","63.72","63.11","-0.39%"
"13/04/2021","63.36","64.22","64.22","63.36","-1.93%"
"12/04/2021","64.61","65.22","65.22","64.61","-0.75%"
"09/04/2021","65.10","65.72","65.72","65.10","-0.40%"
"08/04/2021","65.36","65.72","65.72","65.36","0.00%"
"07/04/2021","65.36","65.70","65.70","65.36","0.02%"
"06/04/2021","65.35","70.16","70.16","65.35","-6.75%"
"05/04/2021","70.08","70.16","70.16","70.08","0.00%"
"02/04/2021","70.08","70.16","70.16","70.08","0.00%"
"01/04/2021","70.08","70.61","70.61","70.08","-1.03%"
"31/03/2021","70.81","72.13","72.13","70.81","-2.41%"
"30/03/2021","72.56","64.21","72.56","64.21","12.32%"
"29/03/2021","64.60","64.60","64.60","64.60","18.14%"
"25/03/2021","54.68","54.35","54.68","54.35","0.02%"
"24/03/2021","54.67","56.84","56.84","54.67","-3.10%"
"23/03/2021","56.42","56.83","56.83","56.42","0.02%"
"22/03/2021","56.41","54.77","56.41","54.77","10.80%"
"19/03/2021","50.91","49.31","50.91","49.31","2.56%"
"18/03/2021","49.64","48.81","49.64","48.81","2.58%"
"17/03/2021","48.39","47.80","48.39","47.80","1.00%"
"16/03/2021","47.91","47.82","47.91","47.82","0.00%"
"15/03/2021","47.91","47.31","47.91","47.31","1.61%"
"12/03/2021","47.15","46.81","47.15","46.81","1.59%"
"11/03/2021","46.41","47.31","47.31","46.41","-1.59%"
"10/03/2021","47.16","47.31","47.31","47.16","0.02%"
"09/03/2021","47.15","47.81","47.81","47.15","-0.53%"
"08/03/2021","47.40","47.80","47.80","47.40","-1.04%"
"05/03/2021","47.90","47.28","47.90","47.28","1.59%"
"04/03/2021","47.15","46.80","47.15","46.80","0.53%"
"03/03/2021","46.90","48.32","48.32","46.90","-1.59%"
"02/03/2021","47.66","49.33","49.33","47.66","-2.10%"
"01/03/2021","48.68","50.35","50.35","48.68","-2.95%"
"26/02/2021","50.16","48.79","50.16","48.79","2.62%"
"25/02/2021","48.88","47.81","48.88","47.81","2.02%"
"24/02/2021","47.91","48.82","48.82","47.91","-1.01%"
"23/02/2021","48.40","47.81","48.40","47.81","2.08%"
"22/02/2021","47.41","47.30","47.41","47.30","0.58%"
"19/02/2021","47.14","47.30","47.30","47.14","0.00%"
"18/02/2021","47.14","46.30","47.14","46.30","1.05%"
"17/02/2021","46.65","45.28","46.65","45.28","3.35%"
"16/02/2021","45.14","45.29","45.29","45.14","0.02%"
"15/02/2021","45.13","44.78","45.13","44.78","0.53%"
"12/02/2021","44.89","44.79","44.89","44.79","-0.02%"
"11/02/2021","44.90","45.29","45.29","44.90","-0.53%"
"10/02/2021","45.14","45.29","45.29","45.14","-0.02%"
"09/02/2021","45.15","44.80","45.15","44.80","0.58%"
"08/02/2021","44.89","45.28","45.28","44.89","-1.64%"
"05/02/2021","45.64","45.79","45.79","45.64","-0.54%"
"04/02/2021","45.89","45.28","45.89","45.28","0.57%"
"03/02/2021","45.63","46.79","46.79","45.63","-2.17%"
"02/02/2021","46.64","46.79","46.79","46.64","-0.53%"
"01/02/2021","46.89","47.30","47.30","46.89","-1.57%"
"29/01/2021","47.64","47.29","47.64","47.29","-1.04%"
"28/01/2021","48.14","50.29","50.29","48.14","1.03%"
"27/01/2021","47.65","48.80","48.80","47.65","-1.02%"
"26/01/2021","48.14","48.80","48.80","48.14","-2.55%"
"25/01/2021","49.40","48.79","49.40","48.79","0.00%"
"22/01/2021","49.40","49.28","49.40","49.28","-0.46%"
"21/01/2021","49.63","49.79","49.79","49.63","-0.52%"
"20/01/2021","49.89","50.29","50.29","49.89","-1.48%"
"19/01/2021","50.64","51.30","51.30","50.64","-1.94%"
"18/01/2021","51.64","50.30","51.64","50.30","0.96%"
"15/01/2021","51.15","50.30","51.15","50.30","1.97%"
"14/01/2021","50.16","49.80","50.16","49.80","0.68%"
"13/01/2021","49.82","51.30","51.30","49.82","-2.83%"
"12/01/2021","51.27","49.80","51.27","49.80","2.97%"
"11/01/2021","49.79","49.30","49.79","49.30","0.99%"
"08/01/2021","49.30","48.30","49.30","48.30","2.07%"
"07/01/2021","48.30","47.81","48.30","47.81","1.07%"
"06/01/2021","47.79","47.80","47.80","47.79","-0.06%"
"05/01/2021","47.82","47.32","47.82","47.32","0.99%"
"04/01/2021","47.35","47.35","47.35","47.35","-2.01%"
"01/01/2021","48.32","48.32","48.32","48.32","0.00%"
"31/12/2020","48.32","48.33","48.33","48.32","-0.02%"
"30/12/2020","48.33","48.33","48.33","48.33","-0.02%"
"29/12/2020","48.34","48.34","48.34","48.34","0.02%"
"28/12/2020","48.33","48.33","48.33","48.33","0.00%"
"25/12/2020","48.33","48.33","48.33","48.33","0.00%"
"24/12/2020","48.33","49.33","49.33","48.33","-1.99%"
"23/12/2020","49.31","49.83","49.83","49.31","-1.02%"
"22/12/2020","49.82","48.82","49.82","48.82","2.05%"
"21/12/2020","48.82","46.83","48.82","46.83","4.29%"
"18/12/2020","46.81","46.31","46.81","46.31","1.06%"
"17/12/2020","46.32","47.32","47.32","46.32","-2.05%"
"16/12/2020","47.29","49.32","49.32","47.29","-4.12%"
"15/12/2020","49.32","50.82","50.82","49.32","0.00%"
"14/12/2020","49.32","47.34","49.32","47.34","-2.99%"
"11/12/2020","50.84","48.33","50.84","48.33","5.22%"
"10/12/2020","48.32","46.34","48.32","46.34","2.09%"
"09/12/2020","47.33","47.34","47.34","47.33","-0.04%"
"08/12/2020","47.35","47.34","47.35","47.34","0.00%"
"07/12/2020","47.35","46.34","47.35","46.34","3.29%"
"04/12/2020","45.84","45.83","45.84","45.83","-0.02%"
"03/12/2020","45.85","45.83","45.85","45.83","-0.13%"
"02/12/2020","45.91","45.83","45.91","45.83","0.00%"
"01/12/2020","45.91","46.34","46.34","45.91","-0.54%"
"30/11/2020","46.16","45.34","46.16","45.34","1.07%"
"27/11/2020","45.67","45.32","45.67","45.32","1.11%"
"26/11/2020","45.17","45.33","45.33","45.17","0.02%"
"25/11/2020","45.16","45.32","45.32","45.16","0.00%"
"24/11/2020","45.16","46.84","46.84","45.16","-2.69%"
"23/11/2020","46.41","47.34","47.34","46.41","-2.64%"
"20/11/2020","47.67","46.85","47.67","46.85","1.60%"
"19/11/2020","46.92","45.84","46.92","45.84","1.08%"
"18/11/2020","46.42","45.85","46.42","45.85","1.09%"
"17/11/2020","45.92","46.34","46.34","45.92","-0.54%"
"16/11/2020","46.17","47.85","47.85","46.17","-2.66%"
"13/11/2020","47.43","47.00","47.87","47.00","0.91%"
"12/11/2020","47.00","45.86","47.00","45.86","3.46%"
"11/11/2020","45.43","45.35","45.43","45.35","-0.50%"
"10/11/2020","45.66","48.35","48.35","45.66","-4.18%"
"09/11/2020","47.65","50.36","50.36","47.65","-5.04%"
"06/11/2020","50.18","51.87","51.87","50.18","-1.47%"
"05/11/2020","50.93","55.36","55.36","50.93","-6.86%"
"04/11/2020","54.68","57.35","57.35","54.68","-3.51%"
"03/11/2020","56.67","59.34","59.34","56.67","-3.41%"
"02/11/2020","58.67","58.67","58.67","58.67","-1.68%"
"30/10/2020","59.67","57.18","59.67","57.18","4.35%"
"29/10/2020","57.18","55.87","57.18","55.87","1.31%"
"28/10/2020","56.44","52.88","56.44","52.88","7.61%"
"27/10/2020","52.45","51.39","52.45","51.39","2.46%"
"26/10/2020","51.19","49.89","51.19","49.89","2.50%"
"23/10/2020","49.94","50.38","50.38","49.94","-1.46%"
"22/10/2020","50.68","51.38","51.38","50.68","1.50%"
"21/10/2020","49.93","50.36","50.36","49.93","-0.50%"
"20/10/2020","50.18","50.39","50.39","50.18","-0.02%"
"19/10/2020","50.19","51.38","51.38","50.19","-0.99%"
"16/10/2020","50.69","51.88","51.88","50.69","-2.41%"
"15/10/2020","51.94","48.88","51.94","48.88","6.11%"
"14/10/2020","48.95","51.39","51.39","48.95","1.03%"
"13/10/2020","48.45","48.39","48.45","48.39","0.54%"
"12/10/2020","48.19","48.89","48.89","48.19","-2.55%"
"09/10/2020","49.45","51.39","51.39","49.45","-3.42%"
"08/10/2020","51.20","56.38","56.38","51.20","-1.88%"
"07/10/2020","52.18","52.89","52.89","52.18","-1.44%"
"06/10/2020","52.94","54.87","54.87","52.94","-3.64%"
"05/10/2020","54.94","56.38","56.38","54.94","-2.24%"
"02/10/2020","56.20","58.39","58.39","56.20","-2.58%"
"01/10/2020","57.69","59.87","59.87","57.69","-2.10%"
"30/09/2020","58.93","60.87","60.87","58.93","-2.50%"
"29/09/2020","60.44","60.37","60.44","60.37","0.42%"
"28/09/2020","60.19","57.89","60.19","57.89","-1.21%"
"25/09/2020","60.93","60.37","60.93","60.37","1.25%"
"24/09/2020","60.18","57.89","60.18","57.89","5.69%"
"23/09/2020","56.94","47.89","56.94","47.89","0.44%"
"22/09/2020","56.69","54.94","56.69","54.94","4.08%"
"21/09/2020","54.47","50.40","54.47","50.40","13.62%"
"18/09/2020","47.94","48.90","48.90","47.94","-0.54%"
"17/09/2020","48.20","47.89","48.20","47.89","1.58%"
"16/09/2020","47.45","48.90","48.90","47.45","-3.06%"
"15/09/2020","48.95","50.40","50.40","48.95","-3.45%"
"14/09/2020","50.70","51.40","51.40","50.70","-1.00%"
"11/09/2020","51.21","50.41","51.21","50.41","2.05%"
"10/09/2020","50.18","48.39","50.18","48.39","0.48%"
"09/09/2020","49.94","50.41","50.41","49.94","-0.52%"
"08/09/2020","50.20","48.91","50.20","48.91","2.55%"
"07/09/2020","48.95","48.39","48.95","48.39","1.58%"
"04/09/2020","48.19","49.38","49.38","48.19","1.56%"
"03/09/2020","47.45","54.86","54.86","47.45","-0.02%"
"02/09/2020","47.46","49.38","49.38","47.46","-3.04%"
"01/09/2020","48.95","49.38","49.38","48.95","-0.47%"
"31/08/2020","49.18","49.38","49.38","49.18","-0.02%"
"28/08/2020","49.19","49.37","49.37","49.19","-1.01%"
"27/08/2020","49.69","49.89","49.89","49.69","-0.48%"
"26/08/2020","49.93","50.88","50.88","49.93","-2.90%"
"25/08/2020","51.42","52.87","52.87","51.42","-2.85%"
"24/08/2020","52.93","53.87","53.87","52.93","-2.77%"
"21/08/2020","54.44","54.86","54.86","54.44","-0.91%"
"20/08/2020","54.94","54.86","54.94","54.86","-0.88%"
"19/08/2020","55.43","57.34","57.34","55.43","-3.04%"
"18/08/2020","57.17","57.35","57.35","57.17","0.00%"
"17/08/2020","57.17","57.33","57.33","57.17","0.00%"
"14/08/2020","57.17","57.84","57.84","57.17","0.46%"
"13/08/2020","56.91","57.84","57.84","56.91","-0.87%"
"12/08/2020","57.41","59.34","59.34","57.41","-2.13%"
"11/08/2020","58.66","60.83","60.83","58.66","-2.10%"
"10/08/2020","59.92","61.32","61.32","59.92","-2.82%"
"07/08/2020","61.66","62.33","62.33","61.66","-0.80%"
"06/08/2020","62.16","66.30","66.30","62.16","0.02%"
"05/08/2020","62.15","66.30","66.30","62.15","-4.62%"
"04/08/2020","65.16","66.31","66.31","65.16","-1.50%"
"03/08/2020","66.15","66.65","66.65","66.15","-0.76%"
"31/07/2020","66.65","66.65","66.65","66.65","-0.38%"
"30/07/2020","66.91","63.83","66.91","63.83","3.88%"
"29/07/2020","64.41","62.84","64.41","62.84","1.56%"
"28/07/2020","63.42","62.34","63.42","62.34","2.01%"
"27/07/2020","62.17","61.84","62.17","61.84","0.42%"
"24/07/2020","61.91","61.85","61.91","61.85","-0.02%"
"23/07/2020","61.92","63.84","63.84","61.92","-1.59%"
"22/07/2020","62.92","64.34","64.34","62.92","-0.40%"
"21/07/2020","63.17","66.33","66.33","63.17","-3.79%"
"20/07/2020","65.66","69.31","69.31","65.66","-4.36%"
"17/07/2020","68.65","69.32","69.32","68.65","-0.74%"
"16/07/2020","69.16","69.32","69.32","69.16","0.00%"
"15/07/2020","69.16","72.30","72.30","69.16","-4.81%"
"14/07/2020","72.65","73.29","73.29","72.65","-0.65%"
"13/07/2020","73.13","74.28","74.28","73.13","-0.69%"
"10/07/2020","73.64","63.39","73.64","63.39","2.78%"
"09/07/2020","71.65","67.40","71.65","67.40","2.49%"
"08/07/2020","69.91","68.81","69.91","68.81","1.47%"
"07/07/2020","68.90","68.82","68.90","68.82","0.73%"
"06/07/2020","68.40","67.40","68.40","67.40","-4.87%"
"03/07/2020","71.90","68.37","71.90","68.37","0.35%"
"02/07/2020","71.65","73.78","73.78","71.65","-3.02%"
"01/07/2020","73.88","76.25","76.25","73.88","-2.31%"
"30/06/2020","75.63","77.75","77.75","75.63","-4.11%"
"29/06/2020","78.87","76.67","78.87","76.67","2.87%"
"26/06/2020","76.67","76.67","76.67","76.67","3.38%"
"25/06/2020","74.16","70.35","74.16","70.35","6.83%"
"24/06/2020","69.42","68.37","69.42","68.37","2.59%"
"23/06/2020","67.67","63.93","67.67","63.93","-2.90%"
"22/06/2020","69.69","65.90","69.69","65.90","4.88%"
"19/06/2020","66.45","65.90","66.45","65.90","1.51%"
"18/06/2020","65.46","63.93","65.46","63.93","2.35%"
"17/06/2020","63.96","65.71","65.71","63.96","-2.66%"
"16/06/2020","65.71","60.41","65.71","60.41","-6.38%"
"15/06/2020","70.19","67.40","70.19","67.40","2.17%"
"12/06/2020","68.70","68.87","68.87","68.70","-2.47%"
"11/06/2020","70.44","63.90","70.44","63.90","8.47%"
"10/06/2020","64.94","63.39","64.94","63.39","1.17%"
"09/06/2020","64.19","60.92","64.19","60.92","4.44%"
"08/06/2020","61.46","60.41","61.46","60.41","0.42%"
"05/06/2020","61.20","69.18","72.32","61.20","-8.91%"
"04/06/2020","67.19","68.37","68.37","68.37","-2.88%"
"03/06/2020","69.18","72.32","72.32","69.18","-5.44%"
"02/06/2020","73.16","79.26","79.26","73.16","-7.54%"
"01/06/2020","79.13","81.24","81.24","79.13","-1.85%"
"29/05/2020","80.62","80.24","80.62","80.24","3.82%"
"28/05/2020","77.65","80.24","80.24","77.65","-4.28%"
"27/05/2020","81.12","91.61","91.61","81.12","-9.67%"
"26/05/2020","89.80","95.06","95.06","89.80","-3.99%"
"25/05/2020","93.53","95.06","95.06","93.53","0.00%"
"22/05/2020","93.53","96.05","96.05","93.53","-1.05%"
"21/05/2020","94.52","96.54","96.54","94.52","-1.31%"
"20/05/2020","95.77","100.00","100.00","95.77","-4.23%"
"19/05/2020","100.00","103.94","103.94","100.00","-2.88%"
"18/05/2020","102.97","106.41","106.41","102.97","-3.04%"
"15/05/2020","106.20","104.93","106.20","104.93","1.18%"
"14/05/2020","104.96","101.97","104.96","101.97","3.43%"
"13/05/2020","101.48","104.93","104.93","101.48","1.48%"
"12/05/2020","100.00","104.93","104.93","100.00","-1.22%"
"11/05/2020","101.24","102.95","102.95","101.24","-1.68%"
"08/05/2020","102.97","102.95","102.97","102.95","-0.01%"
"07/05/2020","102.98","104.93","104.93","102.98","-1.89%"
"06/05/2020","104.96","104.93","104.96","104.93","-0.47%"
"05/05/2020","105.46","122.18","122.18","105.46","-0.94%"
"04/05/2020","106.46","122.18","122.18","106.46","0.95%"
"01/05/2020","105.46","102.47","105.46","102.47","3.16%"
"30/04/2020","102.23","102.47","102.47","102.23","0.99%"
"29/04/2020","101.23","107.40","107.40","101.23","-4.01%"
"28/04/2020","105.46","107.40","107.40","105.46","-1.61%"
"27/04/2020","107.19","114.78","114.78","107.19","-5.87%"
"24/04/2020","113.88","114.79","114.79","113.88","1.33%"
"23/04/2020","112.39","119.71","119.71","112.39","-5.04%"
"22/04/2020","118.36","122.18","122.18","118.36","-4.02%"
"21/04/2020","123.32","122.18","123.32","121.10","1.83%"
"20/04/2020","121.10","119.73","121.10","119.73","1.03%"
"17/04/2020","119.86","122.20","122.20","119.86","-3.97%"
"16/04/2020","124.82","122.20","124.82","122.20","1.00%"
"15/04/2020","123.59","132.07","132.07","123.59","4.19%"
"14/04/2020","118.62","136.95","136.95","118.62","-3.99%"
"13/04/2020","123.55","127.11","127.11","123.55","0.00%"
"10/04/2020","123.55","114.76","123.55","114.76","0.01%"
"09/04/2020","123.54","136.95","136.95","123.54","-9.15%"
"08/04/2020","135.98","136.96","136.96","135.98","-0.01%"
"07/04/2020","136.00","139.45","139.45","136.00","-4.38%"
"06/04/2020","142.23","141.93","142.23","141.93","-0.85%"
"03/04/2020","143.45","139.73","143.45","139.73","2.66%"
"02/04/2020","139.73","114.76","139.73","114.76","0.00%"
"01/04/2020","139.73","132.07","139.73","132.07","5.82%"
"31/03/2020","132.04","114.76","132.04","114.76","0.05%"
"30/03/2020","131.97","114.76","131.97","114.76","5.76%"
"27/03/2020","124.78","114.76","124.78","114.76","13.57%"
"26/03/2020","109.87","109.85","109.87","109.85","8.54%"
"25/03/2020","101.23","109.85","109.85","101.23","-7.91%"
"24/03/2020","109.92","124.58","124.58","109.92","-11.91%"
"23/03/2020","124.78","132.94","132.94","124.78","1.20%"
"20/03/2020","123.30","132.94","132.94","123.30","-6.80%"
"19/03/2020","132.30","144.32","144.32","132.30","-9.50%"
"18/03/2020","146.19","129.57","146.19","129.57","11.77%"
"17/03/2020","130.79","132.52","132.52","130.79","-2.22%"
"16/03/2020","133.76","119.71","133.76","119.71","9.30%"
"13/03/2020","122.38","117.23","122.38","117.23","-2.96%"
"12/03/2020","126.11","102.46","126.11","102.46","20.41%"
"11/03/2020","104.73","97.53","104.73","97.53","3.43%"
"10/03/2020","101.26","104.92","104.92","101.26","-5.76%"
"09/03/2020","107.45","82.24","107.45","82.24","32.47%"
"06/03/2020","81.11","72.33","81.11","72.33","13.98%"
"05/03/2020","71.16","65.37","71.16","65.37","9.14%"
"04/03/2020","65.20","66.43","66.43","65.20","-0.76%"
"03/03/2020","65.70","66.89","66.89","65.70","-2.61%"
"02/03/2020","67.46","62.94","67.46","62.94","4.65%"
"28/02/2020","64.46","59.43","64.46","59.43","9.78%"
"27/02/2020","58.72","54.47","58.72","54.47","10.31%"
"26/02/2020","53.23","52.97","53.23","52.97","2.39%"
"25/02/2020","51.99","50.46","51.99","50.46","5.58%"
"24/02/2020","49.24","44.99","49.24","44.99","11.93%"
"21/02/2020","43.99","43.99","43.99","43.99","1.15%"
"20/02/2020","43.49","42.99","43.49","42.99","1.16%"
"19/02/2020","42.99","42.99","42.99","42.99","0.00%"
"18/02/2020","42.99","42.49","42.99","42.49","0.58%"
"17/02/2020","42.74","43.47","43.47","42.74","-1.18%"
"14/02/2020","43.25","43.48","43.48","43.25","0.02%"
"13/02/2020","43.24","43.48","43.48","43.24","0.00%"
"12/02/2020","43.24","45.46","45.46","43.24","-3.35%"
"11/02/2020","44.74","46.48","46.48","44.74","-1.11%"
"10/02/2020","45.24","45.48","45.48","45.24","2.24%"
"07/02/2020","44.25","44.25","44.25","44.25","4.76%"
"06/02/2020","42.24","43.48","43.48","42.24","-1.15%"
"05/02/2020","42.73","44.98","44.98","42.73","-2.84%"
"04/02/2020","43.98","46.48","46.48","43.98","-2.81%"
"03/02/2020","45.25","45.99","45.99","45.25","0.53%"
"31/01/2020","45.01","45.49","45.49","45.01","1.72%"
"30/01/2020","44.25","45.00","45.00","44.25","1.72%"
"29/01/2020","43.50","44.98","44.98","43.50","0.02%"
"28/01/2020","43.49","45.50","45.50","43.49","-1.76%"
"27/01/2020","44.27","44.51","44.51","44.27","1.17%"
"24/01/2020","43.76","44.49","44.49","43.76","1.16%"
"23/01/2020","43.26","44.00","44.00","43.26","0.60%"
"22/01/2020","43.00","43.50","43.50","43.00","0.58%"
"21/01/2020","42.75","42.50","42.75","42.50","1.18%"
"20/01/2020","42.25","43.51","43.51","42.25","-1.17%"
"17/01/2020","42.75","43.50","43.50","42.75","0.00%"
"16/01/2020","42.75","43.50","43.50","42.75","0.00%"
"15/01/2020","42.75","42.50","42.75","42.50","2.40%"
"14/01/2020","41.75","42.50","42.50","41.75","0.00%"
"13/01/2020","41.75","42.50","42.50","41.75","1.21%"
"10/01/2020","41.25","42.01","42.01","41.25","-0.58%"
"09/01/2020","41.49","43.01","43.01","41.49","-2.35%"
"08/01/2020","42.49","43.54","43.54","42.49","-1.78%"
"07/01/2020","43.26","44.51","44.51","43.26","-1.14%"
"06/01/2020","43.76","44.04","44.04","43.76","1.72%"
"03/01/2020","43.02","43.02","43.02","43.02","1.18%"
"02/01/2020","42.52","43.02","43.02","42.51","0.02%"
"01/01/2020","42.51","43.02","43.02","42.51","0.00%"