"Ngày","Lần cuối","Mở","Cao","Thấp","KL","% Thay đổi"
"31/12/2024","227.43","228.03","228.34","226.43","36.15K","-0.31%"
"30/12/2024","228.14","228.88","229.34","227.13","34.86K","-0.43%"
"27/12/2024","229.13","230.03","230.50","228.55","46.74K","-0.33%"
"26/12/2024","229.90","229.75","230.87","228.96","40.62K","0.04%"
"25/12/2024","229.81","227.53","230.90","225.52","66.94K","0.63%"
"24/12/2024","228.36","228.13","228.86","226.56","51.35K","-0.07%"
"23/12/2024","228.51","226.43","228.59","226.37","52.89K","0.63%"
"20/12/2024","227.07","227.53","227.96","226.85","45.77K","-0.21%"
"19/12/2024","227.54","227.36","227.54","225.49","58.75K","0.05%"
"18/12/2024","227.43","226.55","227.53","226.13","38.96K","0.24%"
"17/12/2024","226.89","227.04","227.48","226.54","28.23K","-0.07%"
"16/12/2024","227.04","226.84","227.78","225.86","35.60K","0.02%"
"13/12/2024","227.00","228.00","228.20","226.36","39.42K","-0.43%"
"12/12/2024","227.99","227.99","228.94","226.92","46.29K","-0.08%"
"11/12/2024","228.18","228.81","229.92","227.59","44.47K","-0.46%"
"10/12/2024","229.24","229.07","230.19","228.76","45.22K","0.01%"
"09/12/2024","229.21","228.82","230.13","228.48","48.99K","0.12%"
"06/12/2024","228.93","229.60","230.99","228.65","62.22K","-0.29%"
"05/12/2024","229.60","223.73","229.60","223.45","84.37K","2.22%"
"04/12/2024","224.62","225.22","225.99","224.15","47.98K","-0.30%"
"03/12/2024","225.29","225.32","226.33","224.89","44.64K","-0.01%"
"02/12/2024","225.32","225.67","226.30","224.54","33.61K","0.30%"
"29/11/2024","224.64","223.20","224.65","223.20","43.05K","0.48%"
"28/11/2024","223.57","221.60","224.56","221.60","31.54K","0.22%"
"27/11/2024","223.09","223.46","224.09","220.13","30.82K","-0.27%"
"26/11/2024","223.70","222.14","224.18","221.33","43.70K","0.65%"
"25/11/2024","222.25","221.29","222.53","220.17","34.67K","0.43%"
"22/11/2024","221.29","221.65","222.25","220.65","44.15K","-0.21%"
"21/11/2024","221.76","220.97","222.03","219.61","25.54K","0.21%"
"20/11/2024","221.29","219.19","222.40","216.77","51.82K","0.73%"
"19/11/2024","219.68","221.67","222.35","219.41","32.32K","-0.95%"
"18/11/2024","221.79","220.39","222.05","219.15","53.03K","0.12%"
"15/11/2024","221.53","223.82","224.03","220.72","61.08K","-1.02%"
"14/11/2024","223.82","226.11","226.71","223.67","45.27K","-1.06%"
"13/11/2024","226.21","226.69","226.69","224.49","41.36K","-0.21%"
"12/11/2024","226.69","226.86","228.13","225.88","38.52K","-0.07%"
"11/11/2024","226.86","226.77","227.26","225.89","49.56K","-0.01%"
"08/11/2024","226.88","227.46","228.13","226.35","44.62K","-0.27%"
"07/11/2024","227.49","226.92","228.72","226.92","40.58K","-0.12%"
"06/11/2024","227.76","223.71","227.87","223.71","41.20K","1.29%"
"05/11/2024","224.86","224.37","224.98","224.18","26.64K","0.18%"
"04/11/2024","224.45","225.41","225.43","223.40","36.10K","-0.43%"
"01/11/2024","225.41","226.35","226.39","224.56","38.21K","-0.42%"
"31/10/2024","226.36","225.99","226.81","224.62","35.99K","0.21%"
"30/10/2024","225.88","225.22","226.57","224.63","40.53K","0.14%"
"29/10/2024","225.56","224.59","226.06","224.25","37.14K","0.43%"
"28/10/2024","224.59","223.94","225.21","222.73","35.41K","-0.02%"
"25/10/2024","224.63","224.69","225.48","224.12","36.27K","-0.03%"
"24/10/2024","224.69","225.61","227.04","224.13","34.61K","-0.80%"
"23/10/2024","226.50","225.20","226.51","224.71","40.07K","0.44%"
"22/10/2024","225.50","227.25","227.84","224.82","52.81K","-0.85%"
"21/10/2024","227.43","228.49","229.37","227.24","42.14K","-0.78%"
"18/10/2024","229.21","228.41","230.69","227.04","34.79K","-0.40%"
"17/10/2024","230.12","226.89","230.12","226.55","50.09K","0.81%"
"16/10/2024","228.26","228.83","229.37","227.84","33.53K","-0.30%"
"15/10/2024","228.95","230.72","231.47","228.45","50.97K","-0.77%"
"14/10/2024","230.72","231.24","232.45","230.38","38.41K","-0.28%"
"11/10/2024","231.37","231.29","231.77","230.75","40.02K","0.03%"
"10/10/2024","231.29","231.17","232.87","229.16","43.51K","-0.21%"
"09/10/2024","231.77","231.53","232.33","230.52","41.75K","0.11%"
"08/10/2024","231.52","231.62","233.23","229.46","65.33K","-0.41%"
"07/10/2024","232.47","232.66","233.90","230.92","40.50K","-0.09%"
"04/10/2024","232.67","233.35","234.03","232.56","52.07K","-0.29%"
"03/10/2024","233.35","235.04","235.82","232.44","70.04K","-0.72%"
"02/10/2024","235.05","236.05","236.19","234.29","53.65K","-0.42%"
"01/10/2024","236.05","234.86","237.45","234.53","78.39K","0.49%"
"30/09/2024","234.91","235.66","236.02","234.33","52.65K","-0.34%"
"27/09/2024","235.71","236.05","237.18","235.23","64.73K","-0.09%"
"26/09/2024","235.92","235.49","236.42","234.04","51.31K","0.03%"
"25/09/2024","235.84","232.61","236.17","231.77","71.63K","0.65%"
"24/09/2024","234.32","233.41","234.34","232.76","40.31K","0.40%"
"23/09/2024","233.38","234.31","234.74","233.13","41.37K","-0.39%"
"20/09/2024","234.30","233.77","235.70","233.13","57.08K","0.23%"
"19/09/2024","233.77","230.98","233.78","229.27","42.42K","0.35%"
"18/09/2024","232.95","232.30","233.67","229.66","57.26K","0.28%"
"17/09/2024","232.30","229.59","232.40","229.05","45.04K","0.63%"
"16/09/2024","230.84","232.42","232.97","230.15","39.49K","-0.68%"
"13/09/2024","232.42","231.01","232.61","228.84","43.45K","0.22%"
"12/09/2024","231.90","231.11","232.83","229.41","34.37K","0.19%"
"11/09/2024","231.45","231.60","231.92","229.78","38.59K","-0.10%"
"10/09/2024","231.69","232.56","234.50","230.85","51.40K","-0.76%"
"09/09/2024","233.46","234.49","234.76","232.45","52.09K","-0.51%"
"06/09/2024","234.65","234.95","235.06","232.25","43.75K","-0.13%"
"05/09/2024","234.96","236.14","237.10","234.08","42.99K","-0.50%"
"04/09/2024","236.14","237.58","237.58","235.09","48.54K","-0.60%"
"30/08/2024","237.56","237.87","238.43","236.68","48.41K","-0.13%"
"29/08/2024","237.88","237.93","238.74","234.52","33.58K","-0.15%"
"28/08/2024","238.23","237.50","239.24","236.67","54.07K","-0.28%"
"27/08/2024","238.91","238.02","239.53","235.88","44.58K","-0.03%"
"26/08/2024","238.97","240.30","241.80","238.83","55.50K","-0.46%"
"23/08/2024","240.07","240.29","240.29","237.01","64.92K","0.67%"
"22/08/2024","238.47","237.46","239.00","235.63","59.04K","0.02%"
"21/08/2024","238.42","236.41","238.42","236.38","57.14K","0.47%"
"20/08/2024","237.31","235.83","237.96","233.89","68.19K","0.55%"
"19/08/2024","236.01","234.84","236.65","233.55","52.91K","0.37%"
"16/08/2024","235.15","227.20","235.18","226.68","86.91K","2.89%"
"15/08/2024","228.54","229.67","229.93","227.08","35.97K","-0.50%"
"14/08/2024","229.68","229.04","231.65","228.22","38.08K","-0.22%"
"13/08/2024","230.18","230.53","231.16","228.71","42.30K","-0.26%"
"12/08/2024","230.77","228.02","230.77","228.00","39.34K","0.61%"
"09/08/2024","229.38","226.73","229.41","226.26","50.13K","1.17%"
"08/08/2024","226.73","226.47","229.26","225.99","51.38K","-0.54%"
"07/08/2024","227.95","225.96","228.05","224.99","38.52K","0.66%"
"06/08/2024","226.46","222.71","226.54","221.59","57.43K","1.68%"
"05/08/2024","222.71","231.56","231.56","221.33","82.65K","-3.82%"
"02/08/2024","231.56","228.77","231.71","226.16","56.49K","1.02%"
"01/08/2024","229.23","235.22","236.06","227.99","95.57K","-2.60%"
"31/07/2024","235.36","235.87","236.90","234.06","45.49K","-0.22%"
"30/07/2024","235.87","237.28","238.14","234.53","54.24K","-0.69%"
"29/07/2024","237.52","236.66","238.49","236.64","44.56K","0.36%"
"26/07/2024","236.66","234.53","236.66","234.20","32.78K","0.60%"
"25/07/2024","235.25","236.23","236.34","234.04","34.56K","-0.39%"
"24/07/2024","236.17","234.37","236.17","231.48","57.64K","0.67%"
"23/07/2024","234.60","238.38","239.03","234.59","50.77K","-1.59%"
"22/07/2024","238.38","240.52","240.75","236.17","80.32K","-0.89%"
"19/07/2024","240.52","242.48","242.79","239.35","67.31K","-0.81%"
"18/07/2024","242.49","240.90","242.49","239.02","50.06K","0.66%"
"17/07/2024","240.90","244.91","246.22","238.37","87.81K","-1.64%"
"16/07/2024","244.91","244.10","246.37","241.12","58.94K","0.03%"
"15/07/2024","244.84","244.22","245.86","243.24","50.46K","-0.07%"
"12/07/2024","245.02","245.34","246.16","243.94","51.23K","-0.15%"
"11/07/2024","245.39","242.59","246.54","242.59","62.57K","0.35%"
"10/07/2024","244.54","244.29","246.45","244.06","57.47K","-0.46%"
"09/07/2024","245.66","243.04","245.83","242.87","66.73K","1.03%"
"08/07/2024","243.15","242.19","243.86","241.79","60.76K","0.35%"
"05/07/2024","242.31","242.02","242.44","240.32","58.03K","0.18%"
"04/07/2024","241.88","241.42","242.78","241.02","45.04K","0.19%"
"03/07/2024","241.43","240.53","241.90","237.53","42.60K","0.26%"
"02/07/2024","240.80","238.22","240.92","237.74","40.05K","0.94%"
"01/07/2024","238.56","237.36","238.57","235.88","47.96K","0.41%"
"28/06/2024","237.59","240.05","240.27","236.51","66.38K","-1.03%"
"27/06/2024","240.07","238.99","240.11","238.07","46.62K","0.16%"
"26/06/2024","239.68","239.45","240.47","237.78","47.88K","-0.21%"
"25/06/2024","240.19","239.34","240.79","236.75","45.96K","0.19%"
"24/06/2024","239.74","242.30","245.36","238.16","109.85K","-1.89%"
"21/06/2024","244.36","243.85","245.32","243.62","70.94K","0.16%"
"20/06/2024","243.97","243.34","245.01","241.94","66.55K","0.16%"
"19/06/2024","243.57","244.38","245.02","242.60","57.86K","-0.35%"
"18/06/2024","244.43","241.10","244.71","241.10","51.94K","0.52%"
"17/06/2024","243.16","243.95","245.30","242.57","68.21K","-0.33%"
"14/06/2024","243.97","248.36","249.07","243.97","105.89K","-1.77%"
"13/06/2024","248.36","246.71","249.53","246.65","73.71K","0.02%"
"12/06/2024","248.31","245.03","248.31","244.56","76.68K","0.77%"
"11/06/2024","246.41","245.58","247.07","244.18","86.96K","0.34%"
"10/06/2024","245.58","244.01","246.53","243.64","77.54K","0.24%"
"07/06/2024","244.99","244.18","245.49","243.95","75.87K","0.33%"
"06/06/2024","244.18","244.03","245.53","243.26","63.35K","-0.13%"
"05/06/2024","244.49","244.33","246.02","244.09","88.70K","0.07%"
"04/06/2024","244.32","244.67","245.81","243.96","82.02K","-0.16%"
"03/06/2024","244.72","242.82","245.09","242.82","99.12K","0.67%"
"31/05/2024","243.09","244.01","244.57","242.62","74.85K","-0.38%"
"30/05/2024","244.01","243.74","244.22","239.96","136.84K","-0.06%"
"29/05/2024","244.15","245.24","247.18","243.41","94.00K","-0.58%"
"28/05/2024","245.58","242.83","245.64","241.37","77.54K","1.13%"
"27/05/2024","242.83","239.66","243.12","239.65","64.84K","0.46%"
"24/05/2024","241.72","246.95","246.95","238.90","146.44K","-2.10%"
"23/05/2024","246.91","245.02","246.92","244.19","101.92K","0.72%"
"22/05/2024","245.15","241.11","246.23","240.99","135.23K","0.76%"
"21/05/2024","243.29","241.48","243.29","238.55","107.70K","0.30%"
"20/05/2024","242.57","241.54","244.70","241.54","100.24K","0.43%"
"17/05/2024","241.54","240.02","241.55","240.00","99.35K","0.63%"
"16/05/2024","240.02","238.86","241.16","238.86","99.76K","0.52%"
"15/05/2024","238.78","237.08","239.62","237.06","114.84K","0.77%"
"14/05/2024","236.95","236.42","238.04","236.08","83.07K","0.25%"
"13/05/2024","236.36","235.68","237.18","234.82","76.98K","0.29%"
"10/05/2024","235.68","234.53","235.86","233.02","89.22K","0.47%"
"09/05/2024","234.58","234.46","236.33","234.15","81.52K","0.03%"
"08/05/2024","234.52","230.84","234.87","230.84","100.33K","0.67%"
"07/05/2024","232.96","232.33","232.98","231.57","69.27K","0.29%"
"06/05/2024","232.29","228.23","232.32","228.23","79.61K","1.78%"
"03/05/2024","228.22","227.44","229.17","227.22","55.51K","0.32%"
"02/05/2024","227.49","226.83","227.51","225.67","47.16K","0.30%"
"26/04/2024","226.82","227.57","228.11","225.88","60.37K","-0.33%"
"25/04/2024","227.57","227.94","228.10","225.84","55.02K","-0.13%"
"24/04/2024","227.87","222.63","228.04","219.45","80.52K","2.35%"
"23/04/2024","222.63","224.41","225.64","221.12","67.98K","-1.19%"
"22/04/2024","225.31","221.48","225.84","221.05","75.05K","2.04%"
"19/04/2024","220.80","225.11","226.20","218.88","127.43K","-2.39%"
"17/04/2024","226.20","228.83","230.10","225.80","79.63K","-1.15%"
"16/04/2024","228.83","229.71","230.18","224.42","134.87K","-0.38%"
"15/04/2024","229.71","241.34","242.24","229.71","163.26K","-4.82%"
"12/04/2024","241.34","239.07","241.34","238.51","75.69K","0.95%"
"11/04/2024","239.07","238.39","239.36","236.90","75.09K","0.12%"
"10/04/2024","238.79","240.36","240.94","238.50","56.59K","-0.65%"
"09/04/2024","240.36","238.08","240.36","237.74","79.31K","0.96%"
"08/04/2024","238.08","239.68","240.29","238.08","79.48K","-0.67%"
"05/04/2024","239.68","242.33","242.72","239.68","126.66K","-1.14%"
"04/04/2024","242.44","243.97","244.16","241.51","99.17K","-0.62%"
"03/04/2024","243.96","245.90","246.85","243.36","119.44K","-0.79%"
"02/04/2024","245.90","242.32","245.91","241.19","121.11K","1.24%"
"01/04/2024","242.90","242.53","243.38","240.79","96.77K","0.13%"
"29/03/2024","242.58","243.93","244.43","242.58","76.13K","-0.55%"
"28/03/2024","243.92","242.83","244.34","242.69","83.65K","0.44%"
"27/03/2024","242.85","242.05","243.89","241.61","77.85K","0.34%"
"26/03/2024","242.03","240.47","242.03","237.91","82.72K","0.51%"
"25/03/2024","240.81","241.68","243.75","239.75","128.45K","-0.36%"
"22/03/2024","241.68","241.21","243.59","240.54","119.61K","0.22%"
"21/03/2024","241.14","238.03","241.22","237.51","162.77K","1.31%"
"20/03/2024","238.03","236.17","238.03","235.28","75.72K","0.79%"
"19/03/2024","236.16","236.68","238.39","235.35","82.58K","-0.22%"
"18/03/2024","236.68","239.31","241.14","232.77","181.92K","-1.19%"
"15/03/2024","239.54","239.42","241.07","237.95","106.99K","-0.06%"
"14/03/2024","239.68","237.85","241.01","237.85","162.80K","0.62%"
"13/03/2024","238.20","234.14","238.22","232.00","107.34K","1.78%"
"12/03/2024","234.03","233.85","234.87","233.45","75.70K","0.08%"
"11/03/2024","233.84","236.24","237.12","233.11","92.17K","-1.05%"
"08/03/2024","236.32","237.38","239.00","235.81","127.81K","-0.44%"
"07/03/2024","237.37","233.51","237.66","233.39","143.58K","0.82%"
"06/03/2024","235.45","236.93","237.93","233.96","105.90K","-0.80%"
"05/03/2024","237.35","237.37","238.02","234.88","80.26K","-0.01%"
"04/03/2024","237.38","236.60","238.86","235.70","104.18K","0.40%"
"01/03/2024","236.43","235.45","236.66","235.33","104.20K","0.41%"
"29/02/2024","235.46","235.16","236.35","233.78","95.40K","0.13%"
"28/02/2024","235.16","235.39","236.52","234.07","90.54K","-0.09%"
"27/02/2024","235.38","232.86","235.38","232.25","91.99K","1.08%"
"26/02/2024","232.86","231.08","232.86","230.24","78.78K","0.77%"
"23/02/2024","231.08","233.79","234.79","230.69","120.06K","-1.25%"
"22/02/2024","234.01","232.84","235.05","231.35","80.71K","0.07%"
"21/02/2024","233.84","233.50","234.59","232.48","63.36K","0.15%"
"20/02/2024","233.50","231.88","234.53","230.38","95.82K","0.06%"
"19/02/2024","233.37","233.04","234.04","232.23","83.21K","0.14%"
"16/02/2024","233.04","232.65","234.32","230.20","66.01K","0.12%"
"15/02/2024","232.75","231.54","233.39","230.96","59.22K","0.74%"
"07/02/2024","231.04","230.52","231.63","230.42","61.54K","0.18%"
"06/02/2024","230.63","228.21","231.47","228.12","84.48K","0.15%"
"05/02/2024","230.28","230.56","231.03","229.86","69.44K","-0.12%"
"02/02/2024","230.56","230.57","231.92","230.19","74.80K","0.00%"
"01/02/2024","230.57","229.18","231.02","228.91","52.62K","0.61%"
"31/01/2024","229.18","230.66","231.90","229.05","95.98K","-0.64%"
"30/01/2024","230.66","229.04","230.82","228.89","58.21K","0.70%"
"29/01/2024","229.05","229.46","230.22","229.02","52.42K","-0.17%"
"26/01/2024","229.43","228.49","229.89","228.45","59.46K","0.40%"
"25/01/2024","228.52","228.53","229.41","228.01","42.55K","0.00%"
"24/01/2024","228.53","229.26","229.93","226.66","55.99K","-0.32%"
"23/01/2024","229.26","229.65","230.31","228.93","60.55K","-0.22%"
"22/01/2024","229.77","229.48","230.60","228.19","63.78K","0.13%"
"19/01/2024","229.48","229.93","231.47","229.35","59.93K","-0.20%"
"18/01/2024","229.93","229.35","230.52","228.95","47.73K","0.19%"
"17/01/2024","229.50","229.50","231.32","228.58","74.94K","0.00%"
"16/01/2024","229.50","227.02","229.50","226.54","52.50K","0.86%"
"15/01/2024","227.55","230.31","231.30","227.47","62.38K","-1.20%"
"12/01/2024","230.31","232.59","232.69","229.20","98.27K","-1.03%"
"11/01/2024","232.71","231.43","233.46","231.18","82.33K","0.56%"
"10/01/2024","231.41","232.39","233.44","230.91","88.70K","-0.47%"
"09/01/2024","232.50","233.33","233.95","232.02","78.36K","-0.36%"
"08/01/2024","233.33","232.76","234.88","232.38","82.78K","0.24%"
"05/01/2024","232.76","232.56","233.35","231.69","59.58K","0.09%"
"04/01/2024","232.56","231.63","233.66","231.63","111.74K","0.40%"
"03/01/2024","231.64","230.12","231.64","228.81","57.90K","0.72%"
"02/01/2024","229.99","230.69","232.40","229.70","59.40K","-0.45%"
"29/12/2023","231.04","229.25","232.29","229.24","68.73K","-0.13%"
"28/12/2023","231.35","230.45","231.54","229.95","55.94K","0.33%"
"27/12/2023","230.60","231.26","231.98","230.07","62.64K","-0.29%"
"26/12/2023","231.26","228.11","231.29","224.62","54.60K","0.79%"
"25/12/2023","229.45","227.57","229.95","225.90","53.57K","0.52%"
"22/12/2023","228.27","228.48","229.89","227.34","80.08K","-0.09%"
"21/12/2023","228.48","228.16","228.49","227.12","46.00K","0.14%"
"20/12/2023","228.16","227.04","228.21","226.92","45.79K","0.39%"
"19/12/2023","227.27","224.87","227.27","223.39","78.47K","0.68%"
"18/12/2023","225.73","227.04","227.56","225.11","62.27K","-0.57%"
"15/12/2023","227.02","227.23","228.49","226.16","76.52K","-0.09%"
"14/12/2023","227.23","228.52","230.05","226.48","80.91K","-0.52%"
"13/12/2023","228.42","231.67","232.57","228.00","97.24K","-1.42%"
"12/12/2023","231.71","230.09","232.91","226.38","74.25K","0.15%"
"11/12/2023","231.37","231.02","232.64","229.81","76.36K","0.07%"
"08/12/2023","231.20","232.65","233.09","230.12","90.16K","-0.28%"
"07/12/2023","231.84","232.29","234.71","228.72","185.18K","-0.77%"
"06/12/2023","233.63","231.28","233.64","231.05","100.76K","0.99%"
"05/12/2023","231.34","230.49","232.62","230.24","91.79K","0.01%"
"04/12/2023","231.31","226.08","232.75","226.08","136.47K","2.23%"
"01/12/2023","226.26","226.15","227.47","224.35","74.17K","0.05%"
"30/11/2023","226.15","227.03","228.76","226.13","97.86K","-0.39%"
"29/11/2023","227.03","224.39","227.04","224.06","76.61K","1.18%"
"28/11/2023","224.39","223.25","224.66","220.75","77.85K","0.22%"
"27/11/2023","223.89","226.10","226.82","222.93","55.29K","-0.98%"
"24/11/2023","226.10","222.90","226.10","220.15","122.38K","0.69%"
"23/11/2023","224.54","230.49","232.01","224.54","129.07K","-2.58%"
"22/11/2023","230.49","229.37","230.74","228.03","97.33K","0.30%"
"21/11/2023","229.80","227.20","229.95","225.92","91.30K","0.89%"
"20/11/2023","227.77","226.54","228.47","223.50","93.19K","0.54%"
"17/11/2023","226.54","229.56","231.11","225.41","147.44K","-1.32%"
"16/11/2023","229.56","227.86","229.57","226.49","101.42K","0.74%"
"15/11/2023","227.88","225.45","232.25","225.45","108.42K","0.20%"
"14/11/2023","227.43","226.13","229.47","225.97","82.12K","0.58%"
"13/11/2023","226.11","225.63","228.00","224.12","92.31K","-0.24%"
"10/11/2023","226.65","227.61","229.82","226.20","124.35K","-0.69%"
"09/11/2023","228.22","225.69","231.44","225.69","129.93K","0.52%"
"08/11/2023","227.03","218.27","227.03","216.63","124.59K","4.00%"
"07/11/2023","218.29","217.73","221.57","217.73","88.80K","-0.59%"
"06/11/2023","219.59","217.77","219.59","215.54","76.17K","0.85%"
"03/11/2023","217.75","217.97","219.44","216.42","91.36K","-0.10%"
"02/11/2023","217.97","209.83","218.38","208.06","116.15K","3.97%"
"01/11/2023","209.65","205.74","209.68","203.33","95.16K","1.69%"
"31/10/2023","206.17","211.55","212.93","204.48","102.67K","-2.45%"
"30/10/2023","211.34","217.98","218.35","211.34","64.54K","-3.07%"
"27/10/2023","218.04","214.33","218.47","212.63","79.20K","1.42%"
"26/10/2023","214.98","226.79","226.94","213.06","175.43K","-5.30%"
"25/10/2023","227.01","228.89","230.80","226.73","71.90K","-0.82%"
"24/10/2023","228.89","224.53","228.96","224.08","60.81K","1.16%"
"23/10/2023","226.26","227.30","229.55","225.15","63.53K","-0.96%"
"20/10/2023","228.45","223.41","228.45","220.90","92.00K","2.24%"
"19/10/2023","223.45","227.11","227.60","222.61","76.28K","-1.61%"
"18/10/2023","227.11","230.03","231.86","221.67","128.61K","-1.27%"
"17/10/2023","230.03","236.47","237.73","230.02","90.83K","-2.72%"
"16/10/2023","236.46","239.05","240.61","236.33","85.90K","-1.08%"
"13/10/2023","239.05","238.47","239.69","235.78","88.80K","0.26%"
"12/10/2023","238.44","237.06","239.98","236.27","96.64K","0.61%"
"11/10/2023","237.00","234.30","237.02","233.43","89.38K","1.21%"
"10/10/2023","234.17","233.55","236.61","233.07","96.73K","0.27%"
"09/10/2023","233.55","230.53","233.57","230.49","77.89K","1.35%"
"06/10/2023","230.45","228.01","230.53","225.78","71.44K","1.07%"
"05/10/2023","228.01","230.20","232.32","227.99","67.82K","-0.95%"
"04/10/2023","230.20","226.45","232.24","222.92","92.00K","1.55%"
"03/10/2023","226.68","236.72","236.80","226.30","134.89K","-4.24%"
"02/10/2023","236.72","236.35","238.17","235.74","63.84K","0.16%"
"29/09/2023","236.35","234.58","236.88","234.08","79.61K","0.79%"
"28/09/2023","234.50","235.84","236.17","231.81","82.31K","-0.57%"
"27/09/2023","235.84","229.75","235.85","227.89","98.77K","2.65%"
"26/09/2023","229.75","231.43","235.62","229.68","120.45K","-0.76%"
"25/09/2023","231.50","243.12","243.84","231.50","130.45K","-4.79%"
"22/09/2023","243.15","251.91","251.91","240.90","174.47K","-3.46%"
"21/09/2023","251.87","254.82","255.57","251.24","101.43K","-1.16%"
"20/09/2023","254.82","250.22","254.83","250.05","77.55K","1.84%"
"19/09/2023","250.22","249.73","252.33","247.29","86.51K","-0.10%"
"18/09/2023","250.48","252.74","253.10","249.31","78.25K","-0.90%"
"15/09/2023","252.76","251.86","254.54","251.05","82.27K","0.36%"
"14/09/2023","251.86","256.11","256.97","251.80","121.71K","-1.66%"
"13/09/2023","256.11","256.32","259.03","254.29","116.46K","-0.08%"
"12/09/2023","256.32","251.10","256.36","250.46","97.51K","1.99%"
"11/09/2023","251.33","256.20","258.32","251.33","130.34K","-1.90%"
"08/09/2023","256.20","256.13","257.81","255.32","107.23K","0.02%"
"07/09/2023","256.14","255.36","257.74","254.72","117.39K","0.31%"
"06/09/2023","255.36","252.16","255.37","250.85","105.69K","1.22%"
"05/09/2023","252.28","249.75","252.95","248.04","111.88K","1.01%"
"31/08/2023","249.75","247.96","249.77","247.91","94.76K","0.72%"
"30/08/2023","247.96","246.47","248.20","244.90","95.31K","0.60%"
"29/08/2023","246.48","244.92","248.02","244.92","104.02K","0.65%"
"28/08/2023","244.88","243.02","244.98","241.29","99.66K","0.82%"
"25/08/2023","242.90","243.23","245.14","242.11","94.82K","-0.14%"
"24/08/2023","243.23","238.07","243.23","237.54","99.97K","2.17%"
"23/08/2023","238.07","239.65","241.77","237.63","70.25K","-0.66%"
"22/08/2023","239.65","238.04","239.86","231.74","118.70K","0.71%"
"21/08/2023","237.97","235.87","239.05","232.92","116.51K","0.85%"
"18/08/2023","235.96","249.99","249.99","235.23","238.17K","-5.60%"
"17/08/2023","249.97","252.56","253.62","249.97","137.34K","-1.03%"
"16/08/2023","252.56","251.65","252.83","250.71","103.37K","0.44%"
"15/08/2023","251.45","250.63","253.53","250.63","119.71K","0.40%"
"14/08/2023","250.44","245.07","250.69","245.01","132.87K","2.12%"
"11/08/2023","245.25","243.91","245.60","241.69","108.97K","0.55%"
"10/08/2023","243.91","245.88","247.22","243.73","131.57K","-0.80%"
"09/08/2023","245.88","246.22","247.84","245.36","126.45K","-0.08%"
"08/08/2023","246.07","245.65","247.85","245.64","158.28K","0.16%"
"07/08/2023","245.68","242.51","246.24","242.51","120.02K","1.35%"
"04/08/2023","242.41","239.77","242.70","239.58","106.35K","1.10%"
"03/08/2023","239.77","241.31","242.27","239.18","100.24K","-0.64%"
"02/08/2023","241.31","239.35","241.94","239.04","94.42K","0.82%"
"01/08/2023","239.35","239.56","241.74","239.29","147.18K","-0.08%"
"31/07/2023","239.55","237.54","240.62","237.44","114.84K","0.85%"
"28/07/2023","237.54","235.64","237.84","235.63","121.97K","0.81%"
"27/07/2023","235.64","236.20","237.67","234.21","106.45K","-0.24%"
"26/07/2023","236.20","236.93","237.94","235.34","74.18K","-0.31%"
"25/07/2023","236.93","235.82","237.66","234.77","107.43K","0.17%"
"24/07/2023","236.53","234.86","237.48","233.92","126.56K","0.66%"
"21/07/2023","234.98","233.19","234.99","233.19","91.78K","0.82%"
"20/07/2023","233.07","232.12","233.19","230.74","87.05K","0.69%"
"19/07/2023","231.47","230.98","233.29","230.93","91.27K","0.22%"
"18/07/2023","230.96","230.94","232.15","230.04","95.87K","0.00%"
"17/07/2023","230.95","230.20","231.91","230.15","113.37K","0.33%"
"14/07/2023","230.19","230.11","231.69","228.31","105.55K","0.10%"
"13/07/2023","229.97","228.88","230.23","228.01","99.23K","0.48%"
"12/07/2023","228.88","229.22","230.55","228.13","95.47K","-0.15%"
"11/07/2023","229.22","228.33","230.54","228.04","111.72K","0.37%"
"10/07/2023","228.37","225.82","228.78","225.81","120.40K","1.13%"
"07/07/2023","225.82","225.07","225.82","222.93","81.14K","0.33%"
"06/07/2023","225.08","227.84","228.09","223.81","109.12K","-1.21%"
"05/07/2023","227.84","228.76","230.12","227.63","90.33K","-0.40%"
"04/07/2023","228.76","226.52","228.79","226.35","108.29K","0.95%"
"03/07/2023","226.60","227.32","228.35","225.80","74.97K","-0.32%"
"30/06/2023","227.32","226.49","228.00","224.40","63.93K","-0.07%"
"29/06/2023","227.48","230.22","230.60","227.48","94.20K","-1.20%"
"28/06/2023","230.25","230.85","231.53","229.03","77.79K","-0.25%"
"27/06/2023","230.82","231.01","232.00","229.44","68.20K","-0.08%"
"26/06/2023","231.01","231.54","232.09","228.03","114.65K","-0.23%"
"23/06/2023","231.54","231.91","233.30","230.83","122.05K","-0.16%"
"22/06/2023","231.91","231.81","233.39","230.81","107.16K","0.06%"
"21/06/2023","231.77","228.77","231.77","228.66","100.62K","1.31%"
"20/06/2023","228.77","226.52","228.79","226.10","77.08K","0.99%"
"19/06/2023","226.52","228.37","229.02","226.31","127.55K","-0.84%"
"16/06/2023","228.44","229.53","232.13","228.44","135.52K","-0.47%"
"15/06/2023","229.53","228.92","229.54","227.76","89.33K","0.27%"
"14/06/2023","228.91","230.25","232.68","228.68","117.25K","-0.58%"
"13/06/2023","230.25","229.37","231.08","229.08","118.08K","0.38%"
"12/06/2023","229.37","227.60","229.38","226.37","104.84K","0.78%"
"09/06/2023","227.60","226.80","227.85","224.68","117.91K","0.36%"
"08/06/2023","226.78","230.34","231.62","226.78","150.19K","-1.54%"
"07/06/2023","230.33","228.73","230.51","228.54","114.02K","0.70%"
"06/06/2023","228.72","226.56","228.73","225.77","130.50K","0.95%"
"05/06/2023","226.56","226.03","229.17","225.97","107.23K","0.23%"
"02/06/2023","226.03","223.97","227.71","223.95","126.96K","0.92%"
"01/06/2023","223.97","222.90","225.11","222.39","118.00K","0.52%"
"31/05/2023","222.81","221.46","223.90","221.38","130.41K","0.67%"
"30/05/2023","221.33","220.31","222.05","219.79","111.92K","0.46%"
"29/05/2023","220.31","217.75","220.57","217.75","127.79K","1.23%"
"26/05/2023","217.64","216.78","217.75","216.71","79.67K","0.40%"
"25/05/2023","216.78","216.07","217.11","215.04","81.54K","0.38%"
"24/05/2023","215.96","215.79","217.28","215.68","90.66K","0.08%"
"23/05/2023","215.79","216.01","217.34","214.55","106.76K","-0.05%"
"22/05/2023","215.90","213.97","216.14","213.91","82.28K","0.93%"
"19/05/2023","213.91","213.01","214.92","212.30","102.58K","0.42%"
"18/05/2023","213.01","212.94","214.47","212.79","105.92K","0.07%"
"17/05/2023","212.86","214.69","215.79","212.70","118.55K","-0.82%"
"16/05/2023","214.62","213.55","216.12","213.55","93.25K","0.14%"
"15/05/2023","214.33","215.10","217.40","214.33","114.77K","-0.36%"
"12/05/2023","215.10","214.46","215.11","213.54","117.05K","0.32%"
"11/05/2023","214.41","213.94","215.82","213.94","118.74K","0.24%"
"10/05/2023","213.89","211.90","214.27","211.24","117.53K","0.92%"
"09/05/2023","211.95","210.98","212.20","210.75","77.37K","0.49%"
"08/05/2023","210.92","207.74","211.18","207.74","111.60K","1.50%"
"05/05/2023","207.80","207.22","209.29","205.02","70.61K","-0.17%"
"04/05/2023","208.15","207.44","208.70","206.88","85.44K","0.32%"
"28/04/2023","207.48","205.62","207.63","205.52","71.36K","0.79%"
"27/04/2023","205.86","205.75","207.47","205.40","66.71K","0.01%"
"26/04/2023","205.84","204.59","205.84","203.62","62.72K","0.56%"
"25/04/2023","204.69","206.75","207.70","204.34","85.41K","-1.00%"
"24/04/2023","206.76","206.80","208.19","206.13","59.01K","-0.08%"
"21/04/2023","206.92","206.61","208.51","206.16","93.02K","0.15%"
"20/04/2023","206.61","205.70","207.64","205.37","65.19K","0.37%"
"19/04/2023","205.85","208.25","208.93","205.71","61.62K","-1.15%"
"18/04/2023","208.25","206.45","208.25","206.01","74.31K","0.78%"
"17/04/2023","206.63","207.25","207.51","205.80","55.55K","-0.30%"
"14/04/2023","207.25","209.63","210.84","207.25","109.45K","-1.23%"
"13/04/2023","209.84","212.06","212.69","209.52","84.78K","-0.99%"
"12/04/2023","211.94","212.34","213.49","211.40","93.05K","-0.19%"
"11/04/2023","212.34","212.00","212.34","208.81","112.22K","0.16%"
"10/04/2023","212.00","211.72","214.76","210.53","154.23K","0.19%"
"07/04/2023","211.60","211.43","212.81","209.46","103.72K","0.08%"
"06/04/2023","211.43","212.58","215.42","211.42","149.19K","-0.54%"
"05/04/2023","212.58","210.58","213.18","210.58","118.13K","0.88%"
"04/04/2023","210.73","210.47","211.70","209.80","92.33K","0.12%"
"03/04/2023","210.48","207.50","211.19","207.50","94.58K","1.44%"
"31/03/2023","207.50","205.95","207.52","204.97","78.32K","0.75%"
"30/03/2023","205.95","205.59","207.53","205.59","69.67K","0.18%"
"29/03/2023","205.59","205.76","206.46","204.14","51.76K","-0.08%"
"28/03/2023","205.76","206.74","207.94","204.93","69.18K","-0.44%"
"27/03/2023","206.67","205.83","206.67","205.14","63.30K","0.46%"
"24/03/2023","205.72","203.32","206.47","203.32","66.19K","1.18%"
"23/03/2023","203.32","203.96","204.17","200.54","48.38K","-0.31%"
"22/03/2023","203.96","203.10","205.19","203.10","42.96K","0.42%"
"21/03/2023","203.11","201.26","203.17","201.17","36.07K","0.74%"
"20/03/2023","201.62","204.35","205.22","201.62","54.53K","-1.39%"
"17/03/2023","204.47","204.19","206.57","203.26","43.74K","0.14%"
"16/03/2023","204.19","206.89","207.11","203.63","48.30K","-1.36%"
"15/03/2023","207.01","202.55","207.99","202.55","80.29K","2.20%"
"14/03/2023","202.55","205.85","206.57","201.50","75.56K","-1.60%"
"13/03/2023","205.85","207.86","207.86","205.70","50.57K","-0.97%"
"10/03/2023","207.86","209.03","209.14","206.96","65.59K","-0.56%"
"09/03/2023","209.03","208.68","209.90","207.05","55.08K","0.17%"
"08/03/2023","208.68","207.44","208.69","205.91","57.76K","0.57%"
"07/03/2023","207.50","205.19","207.94","203.31","43.28K","0.46%"
"06/03/2023","206.56","204.89","208.45","204.83","50.79K","0.82%"
"03/03/2023","204.89","206.14","207.68","204.15","62.50K","-0.61%"
"02/03/2023","206.14","206.81","208.79","204.55","38.58K","-0.33%"
"01/03/2023","206.83","201.56","206.83","200.35","58.27K","2.20%"
"28/02/2023","202.38","201.89","205.52","201.00","48.91K","-0.44%"
"27/02/2023","203.27","207.32","207.49","202.58","67.33K","-1.95%"
"24/02/2023","207.32","209.31","211.00","207.26","56.00K","-0.95%"
"23/02/2023","209.31","209.98","210.45","205.68","78.65K","-0.31%"
"22/02/2023","209.96","214.08","214.48","209.96","108.96K","-1.92%"
"21/02/2023","214.08","215.83","217.50","214.01","79.25K","-0.81%"
"20/02/2023","215.83","209.95","215.97","209.95","90.87K","2.80%"
"17/02/2023","209.95","210.84","212.46","209.50","60.13K","-0.42%"
"16/02/2023","210.84","208.09","210.85","208.09","65.32K","1.38%"
"15/02/2023","207.97","204.98","209.25","204.82","58.43K","1.52%"
"14/02/2023","204.86","204.49","205.43","201.89","36.36K","0.18%"
"13/02/2023","204.49","208.49","208.83","202.02","81.57K","-1.92%"
"10/02/2023","208.50","210.77","211.29","207.75","48.74K","-1.14%"
"09/02/2023","210.91","210.62","211.55","209.95","45.88K","0.14%"
"08/02/2023","210.62","209.82","212.15","208.74","61.46K","0.30%"
"07/02/2023","210.00","214.40","215.31","209.98","69.21K","-2.08%"
"06/02/2023","214.47","215.28","215.74","213.63","50.02K","-0.38%"
"03/02/2023","215.28","215.31","217.00","213.67","55.77K","-0.01%"
"02/02/2023","215.31","216.01","217.40","214.16","81.70K","-0.32%"
"01/02/2023","216.01","222.44","224.49","216.00","129.12K","-2.89%"
"31/01/2023","222.43","220.79","222.43","218.21","86.59K","0.75%"
"30/01/2023","220.78","220.77","223.09","219.57","103.79K","0.01%"
"27/01/2023","220.76","219.87","223.16","219.73","68.58K","0.40%"
"19/01/2023","219.87","217.73","219.87","217.49","69.38K","0.98%"
"18/01/2023","217.73","215.15","218.16","215.15","75.30K","1.20%"
"17/01/2023","215.15","210.87","215.15","210.17","64.68K","2.02%"
"16/01/2023","210.88","211.26","211.97","210.02","36.79K","-0.18%"
"13/01/2023","211.26","211.94","213.68","210.72","58.74K","-0.32%"
"12/01/2023","211.94","211.67","213.09","210.77","49.52K","0.13%"
"11/01/2023","211.67","210.78","213.07","209.50","58.73K","0.49%"
"10/01/2023","210.63","209.40","211.17","207.21","46.34K","0.46%"
"09/01/2023","209.67","210.71","212.96","208.81","41.62K","-0.47%"
"06/01/2023","210.65","212.92","214.58","210.10","58.61K","-1.15%"
"05/01/2023","213.11","212.91","214.70","211.35","52.76K","0.02%"
"04/01/2023","213.06","212.72","215.27","211.24","66.30K","0.24%"
"03/01/2023","212.56","205.07","212.56","204.71","66.64K","3.53%"
"30/12/2022","205.31","206.54","207.66","204.69","35.58K","-0.60%"
"29/12/2022","206.54","206.03","206.57","203.10","41.26K","0.24%"
"28/12/2022","206.04","203.14","206.30","202.79","43.90K","1.43%"
"27/12/2022","203.14","198.50","203.14","197.09","58.87K","2.34%"
"26/12/2022","198.50","205.30","205.81","197.95","80.86K","-3.31%"
"23/12/2022","205.30","205.79","206.49","203.00","46.25K","-0.24%"
"22/12/2022","205.79","203.24","206.79","201.33","55.59K","0.65%"
"21/12/2022","204.46","207.33","208.63","200.47","84.04K","-1.48%"
"20/12/2022","207.53","211.19","213.69","204.17","117.88K","-2.22%"
"19/12/2022","212.24","212.99","217.48","212.24","101.62K","-0.35%"
"16/12/2022","212.99","212.95","215.25","211.35","101.71K","0.02%"
"15/12/2022","212.95","213.21","214.69","210.74","71.51K","-0.12%"
"14/12/2022","213.21","213.59","217.23","211.93","85.55K","-0.18%"
"13/12/2022","213.59","209.88","213.75","206.34","95.48K","1.45%"
"12/12/2022","210.53","217.00","219.48","210.53","114.75K","-2.98%"
"09/12/2022","217.00","215.38","217.60","213.71","101.11K","0.76%"
"08/12/2022","215.37","209.82","216.69","208.78","100.42K","2.59%"
"07/12/2022","209.93","212.80","214.22","208.05","112.94K","-1.35%"
"06/12/2022","212.80","219.73","221.84","212.80","186.74K","-3.26%"
"05/12/2022","219.96","216.55","222.34","216.53","118.92K","1.85%"
"02/12/2022","215.96","211.01","216.04","208.19","135.17K","2.35%"
"01/12/2022","211.00","208.98","214.73","208.54","136.72K","1.06%"
"30/11/2022","208.79","207.41","210.89","204.41","88.05K","0.27%"
"29/11/2022","208.22","204.22","208.49","202.42","152.08K","2.04%"
"28/11/2022","204.06","196.93","204.10","196.48","77.54K","3.70%"
"25/11/2022","196.77","190.75","196.80","189.35","56.23K","2.90%"
"24/11/2022","191.22","191.00","191.81","188.48","58.28K","0.12%"
"23/11/2022","191.00","194.60","195.85","191.00","56.02K","-1.88%"
"22/11/2022","194.66","192.37","197.98","190.95","99.13K","1.17%"
"21/11/2022","192.40","190.14","193.73","187.99","52.05K","0.80%"
"18/11/2022","190.87","187.12","190.88","183.43","97.21K","1.60%"
"17/11/2022","187.86","183.93","188.77","181.73","70.44K","2.40%"
"16/11/2022","183.45","175.67","183.50","168.16","101.41K","4.36%"
"15/11/2022","175.78","183.39","183.39","174.34","58.22K","-4.18%"
"14/11/2022","183.45","189.76","189.76","182.40","65.56K","-3.35%"
"11/11/2022","189.81","191.68","193.69","188.97","77.91K","-1.34%"
"10/11/2022","192.39","201.34","201.34","191.89","59.89K","-4.47%"
"09/11/2022","201.39","199.19","203.52","198.35","44.35K","0.81%"
"08/11/2022","199.77","198.64","199.78","195.43","51.55K","0.61%"
"07/11/2022","198.56","203.73","205.10","198.11","62.80K","-2.93%"
"04/11/2022","204.56","210.54","210.84","203.25","73.07K","-2.93%"
"03/11/2022","210.74","211.66","211.78","209.80","37.23K","-0.43%"
"02/11/2022","211.66","212.29","213.94","211.27","47.36K","-0.33%"
"01/11/2022","212.36","210.43","213.27","209.69","53.69K","0.92%"
"31/10/2022","210.43","213.77","215.12","208.29","50.81K","-1.54%"
"28/10/2022","213.73","212.77","217.11","212.42","55.70K","0.05%"
"27/10/2022","213.63","205.11","213.63","201.94","55.28K","3.73%"
"26/10/2022","205.95","207.55","209.78","204.50","39.38K","-1.00%"
"25/10/2022","208.02","209.43","211.24","203.44","73.56K","-0.71%"
"24/10/2022","209.50","217.45","218.69","208.17","63.70K","-3.64%"
"21/10/2022","217.41","225.76","226.02","216.34","88.61K","-3.75%"
"20/10/2022","225.88","227.90","228.52","224.90","32.30K","-0.89%"
"19/10/2022","227.90","229.12","230.61","227.20","37.26K","-0.53%"
"18/10/2022","229.12","225.98","231.61","225.98","54.94K","1.17%"
"17/10/2022","226.46","228.01","228.01","223.84","43.31K","-0.63%"
"14/10/2022","227.89","224.69","229.58","224.69","66.73K","1.40%"
"13/10/2022","224.74","223.54","224.94","222.91","32.69K","0.59%"
"12/10/2022","223.43","218.45","225.09","215.84","50.73K","2.13%"
"11/10/2022","218.78","229.62","230.19","218.74","73.87K","-4.82%"
"10/10/2022","229.85","226.09","230.24","222.21","59.48K","1.66%"
"07/10/2022","226.09","235.13","235.25","222.92","83.77K","-3.84%"
"06/10/2022","235.13","242.00","243.44","233.66","50.76K","-2.89%"
"05/10/2022","242.12","235.58","242.58","234.35","48.96K","2.76%"
"04/10/2022","235.61","238.13","241.82","235.01","56.10K","-1.07%"
"03/10/2022","238.17","249.35","250.08","238.16","60.13K","-4.83%"
"30/09/2022","250.25","249.41","250.25","241.50","74.09K","0.34%"
"29/09/2022","249.41","252.34","255.92","249.25","50.66K","-1.17%"
"28/09/2022","252.35","255.52","255.66","251.99","61.47K","-1.24%"
"27/09/2022","255.52","255.68","257.00","253.88","45.85K","-0.06%"
"26/09/2022","255.68","263.42","264.37","251.62","82.32K","-3.31%"
"23/09/2022","264.44","264.62","268.13","264.34","56.08K","-0.45%"
"22/09/2022","265.64","264.84","265.64","260.92","56.74K","0.21%"
"21/09/2022","265.09","266.91","266.98","263.48","41.20K","-0.68%"
"20/09/2022","266.91","264.22","267.67","262.78","56.35K","1.01%"
"19/09/2022","264.25","273.03","275.06","263.09","84.46K","-3.16%"
"16/09/2022","272.88","278.25","280.35","272.82","76.42K","-2.43%"
"15/09/2022","279.69","277.98","281.18","277.94","50.63K","0.10%"
"14/09/2022","279.42","281.23","281.24","276.45","71.13K","-0.77%"
"13/09/2022","281.59","283.11","284.50","279.57","54.71K","-0.53%"
"12/09/2022","283.08","284.64","286.79","282.93","51.31K","-0.54%"
"09/09/2022","284.63","281.88","284.70","278.20","68.60K","0.88%"
"08/09/2022","282.15","284.05","285.95","281.48","79.74K","-0.67%"
"07/09/2022","284.05","293.27","293.29","284.05","100.65K","-3.14%"
"06/09/2022","293.27","292.82","294.67","292.58","67.41K","0.15%"
"05/09/2022","292.82","291.92","294.55","290.26","62.65K","0.31%"
"31/08/2022","291.92","293.86","294.03","291.56","66.22K","-0.66%"
"30/08/2022","293.86","295.54","297.88","293.52","66.15K","-0.57%"
"29/08/2022","295.54","299.50","299.50","288.94","127.27K","-1.32%"
"26/08/2022","299.50","301.86","302.99","298.13","91.89K","-0.78%"
"25/08/2022","301.86","301.34","302.70","301.17","84.01K","0.19%"
"24/08/2022","301.30","298.83","301.32","298.83","73.64K","0.72%"
"23/08/2022","299.14","294.73","299.14","292.61","89.54K","1.50%"
"22/08/2022","294.73","296.50","297.79","292.73","102.80K","-1.08%"
"19/08/2022","297.94","301.19","302.04","297.33","78.59K","-1.08%"
"18/08/2022","301.19","302.59","302.71","299.26","71.57K","-0.46%"
"17/08/2022","302.59","304.70","305.20","301.05","95.04K","-0.14%"
"16/08/2022","303.02","303.77","304.53","302.40","73.81K","-0.31%"
"15/08/2022","303.97","303.42","307.83","302.96","77.79K","0.18%"
"12/08/2022","303.42","300.18","303.51","299.81","68.87K","1.08%"
"11/08/2022","300.18","303.61","307.57","299.48","128.18K","-1.11%"
"10/08/2022","303.54","301.65","304.22","300.50","92.58K","0.71%"
"09/08/2022","301.41","301.31","302.72","300.01","96.90K","0.03%"
"08/08/2022","301.33","299.90","302.48","299.79","93.88K","0.48%"
"05/08/2022","299.90","297.73","300.26","296.44","91.27K","0.73%"
"04/08/2022","297.73","298.11","300.28","296.89","91.57K","-0.13%"
"03/08/2022","298.11","295.84","298.11","295.17","85.23K","0.77%"
"02/08/2022","295.84","294.62","297.62","293.99","106.78K","0.41%"
"01/08/2022","294.62","288.61","294.62","287.68","79.72K","2.08%"
"29/07/2022","288.61","289.84","291.82","288.37","62.18K","-0.42%"
"28/07/2022","289.84","284.55","291.97","284.55","77.99K","1.87%"
"27/07/2022","284.52","282.88","284.57","280.72","45.46K","0.58%"
"26/07/2022","282.88","285.38","286.54","282.75","42.01K","-0.88%"
"25/07/2022","285.38","288.83","288.89","284.00","58.82K","-1.19%"
"22/07/2022","288.83","288.11","290.53","288.11","60.10K","0.26%"
"21/07/2022","288.09","288.87","289.61","287.44","62.54K","-0.27%"
"20/07/2022","288.87","284.43","289.86","284.43","87.34K","1.56%"
"19/07/2022","284.43","286.19","286.84","280.10","60.23K","-0.07%"
"18/07/2022","284.63","284.71","287.32","283.98","56.96K","0.08%"
"15/07/2022","284.40","284.96","287.74","284.40","64.23K","-0.12%"
"14/07/2022","284.75","281.33","285.03","280.03","69.33K","1.20%"
"13/07/2022","281.36","281.99","284.24","280.50","57.73K","-0.22%"
"12/07/2022","281.99","276.08","282.23","275.77","58.32K","1.83%"
"11/07/2022","276.93","276.34","278.85","274.23","56.37K","-0.31%"
"08/07/2022","277.80","271.86","277.87","271.86","51.72K","2.18%"
"07/07/2022","271.86","271.92","272.66","268.21","40.48K","-0.02%"
"06/07/2022","271.92","277.74","277.75","271.88","62.46K","-2.17%"
"05/07/2022","277.94","281.23","282.33","277.37","56.27K","-1.16%"
"04/07/2022","281.19","278.88","283.45","278.82","46.89K","0.83%"
"01/07/2022","278.88","277.68","280.10","269.21","73.86K","0.43%"
"30/06/2022","277.68","282.19","284.49","277.61","55.64K","-1.65%"
"29/06/2022","282.35","283.87","285.56","279.84","50.94K","-0.54%"
"28/06/2022","283.87","278.87","284.97","278.87","63.12K","1.23%"
"27/06/2022","280.42","276.13","281.56","275.93","49.40K","1.63%"
"24/06/2022","275.93","277.07","279.50","275.58","54.94K","-0.45%"
"23/06/2022","277.18","269.41","277.18","268.53","49.62K","2.89%"
"22/06/2022","269.39","264.13","270.03","262.48","69.46K","1.80%"
"21/06/2022","264.62","267.27","269.42","263.39","75.63K","-1.23%"
"20/06/2022","267.92","279.82","282.32","267.90","74.94K","-4.33%"
"17/06/2022","280.06","287.77","289.85","279.16","80.54K","-2.68%"
"16/06/2022","287.77","283.27","290.45","282.99","61.79K","1.60%"
"15/06/2022","283.25","290.08","292.85","280.54","69.35K","-2.35%"
"14/06/2022","290.08","288.37","292.26","284.34","63.16K","0.59%"
"13/06/2022","288.37","306.16","306.16","288.20","98.11K","-5.90%"
"10/06/2022","306.44","312.74","313.50","306.44","86.92K","-2.01%"
"09/06/2022","312.74","310.93","313.45","310.69","51.19K","0.58%"
"08/06/2022","310.93","304.15","312.54","304.10","76.47K","2.23%"
"07/06/2022","304.15","306.81","306.85","298.70","99.22K","-0.87%"
"06/06/2022","306.81","310.48","312.34","306.81","79.24K","-1.18%"
"03/06/2022","310.48","311.77","312.85","306.31","65.19K","-0.41%"
"02/06/2022","311.77","315.37","315.92","309.64","87.85K","-1.14%"
"01/06/2022","315.37","315.64","316.57","311.48","69.93K","-0.12%"
"31/05/2022","315.76","312.77","315.76","310.96","84.06K","0.96%"
"30/05/2022","312.77","311.17","315.62","309.38","81.37K","0.51%"
"27/05/2022","311.17","312.95","314.19","311.16","70.08K","-0.68%"
"26/05/2022","313.29","314.89","315.89","311.17","81.38K","-0.51%"
"25/05/2022","314.91","305.96","315.39","305.96","91.11K","2.93%"
"24/05/2022","305.96","300.69","305.96","296.40","76.60K","1.76%"
"23/05/2022","300.66","307.05","310.90","299.08","73.28K","-2.07%"
"20/05/2022","307.02","308.02","310.88","305.27","70.13K","-0.32%"
"19/05/2022","308.02","309.20","309.63","301.84","74.50K","-0.59%"
"18/05/2022","309.84","315.44","317.55","309.83","78.01K","-1.78%"
"17/05/2022","315.44","306.62","317.82","304.56","70.43K","2.73%"
"16/05/2022","307.05","302.39","314.98","300.86","74.12K","1.54%"
"13/05/2022","302.39","315.44","316.46","300.19","101.54K","-4.16%"
"12/05/2022","315.52","333.04","333.56","315.29","71.36K","-5.26%"
"11/05/2022","333.04","330.02","335.55","329.40","47.27K","0.92%"
"10/05/2022","330.02","321.83","330.02","312.23","74.04K","2.05%"
"09/05/2022","323.39","341.80","343.40","322.49","88.62K","-5.84%"
"06/05/2022","343.46","358.75","358.75","343.46","61.70K","-4.26%"
"05/05/2022","358.75","359.10","365.16","352.88","68.20K","-0.62%"
"04/05/2022","360.97","363.86","366.89","360.81","72.94K","-1.33%"
"29/04/2022","365.83","360.22","367.83","358.35","77.70K","1.56%"
"28/04/2022","360.20","357.18","363.16","357.18","69.27K","0.87%"
"27/04/2022","357.09","345.17","357.39","344.39","66.43K","3.45%"
"26/04/2022","345.17","336.66","345.17","324.52","83.46K","2.27%"
"25/04/2022","337.51","358.19","362.03","337.29","96.00K","-6.02%"
"22/04/2022","359.12","365.64","372.32","356.61","113.52K","-2.04%"
"21/04/2022","366.61","380.03","380.03","365.26","99.53K","-3.53%"
"20/04/2022","380.04","392.69","393.56","380.04","87.81K","-3.22%"
"19/04/2022","392.69","403.12","407.59","392.61","87.18K","-2.59%"
"18/04/2022","403.12","416.71","418.35","400.88","97.82K","-3.26%"
"15/04/2022","416.71","423.69","424.95","416.61","69.32K","-1.65%"
"14/04/2022","423.69","429.92","431.86","423.69","56.27K","-0.88%"
"13/04/2022","427.45","421.04","427.52","415.05","80.50K","1.53%"
"12/04/2022","421.01","432.02","436.97","420.69","92.83K","-2.55%"
"08/04/2022","432.02","441.61","443.34","432.00","84.35K","-2.17%"
"07/04/2022","441.61","446.06","447.83","441.61","86.12K","-1.17%"
"06/04/2022","446.83","456.07","456.08","445.59","114.00K","-2.03%"
"05/04/2022","456.10","458.86","460.32","456.10","82.66K","-0.56%"
"04/04/2022","458.69","454.10","460.54","454.07","84.02K","1.01%"
"01/04/2022","454.10","449.56","454.10","444.62","123.00K","1.00%"
"31/03/2022","449.62","451.05","453.71","449.30","120.01K","-0.35%"
"30/03/2022","451.19","461.09","461.19","450.86","130.82K","-2.18%"
"29/03/2022","461.24","454.92","465.22","453.73","141.15K","1.40%"
"28/03/2022","454.89","461.75","462.19","450.97","148.45K","-1.49%"
"25/03/2022","461.75","462.14","464.00","458.77","127.18K","-0.23%"
"24/03/2022","462.80","462.10","462.88","458.72","116.37K","0.15%"
"23/03/2022","462.10","461.35","465.59","460.86","122.87K","0.16%"
"22/03/2022","461.35","458.31","465.20","458.31","134.21K","0.67%"
"21/03/2022","458.29","451.25","458.29","451.25","100.37K","1.57%"
"18/03/2022","451.21","446.17","453.76","446.17","111.05K","1.13%"
"17/03/2022","446.16","446.18","450.34","445.93","102.19K","0.00%"
"16/03/2022","446.18","443.54","448.30","443.53","80.40K","0.60%"
"15/03/2022","443.52","436.56","443.60","435.48","96.85K","1.59%"
"14/03/2022","436.57","442.20","443.53","434.07","125.68K","-1.27%"
"11/03/2022","442.20","447.60","448.17","440.68","168.79K","-1.22%"
"10/03/2022","447.64","444.64","449.87","442.88","118.66K","0.68%"
"09/03/2022","444.60","445.89","448.37","437.97","138.61K","-0.29%"
"08/03/2022","445.89","452.88","453.00","445.44","140.08K","-1.54%"
"07/03/2022","452.86","452.06","454.04","449.64","136.64K","0.50%"
"04/03/2022","450.59","449.35","452.93","449.22","137.48K","0.28%"
"03/03/2022","449.31","442.25","449.33","442.25","119.38K","1.60%"
"02/03/2022","442.25","443.81","446.45","440.40","104.74K","-0.30%"
"01/03/2022","443.56","440.42","444.70","440.14","117.19K","0.71%"
"28/02/2022","440.42","440.16","442.12","438.80","98.75K","0.06%"
"25/02/2022","440.16","434.88","442.74","434.59","104.59K","1.21%"
"24/02/2022","434.88","442.50","444.38","428.39","158.83K","-1.73%"
"23/02/2022","442.54","434.43","442.89","432.35","108.67K","1.87%"
"22/02/2022","434.43","440.99","441.42","430.64","119.18K","-1.49%"
"21/02/2022","440.99","435.61","443.01","435.57","97.37K","1.24%"
"18/02/2022","435.61","430.27","435.73","427.27","81.60K","1.25%"
"17/02/2022","430.24","429.12","432.27","427.88","62.34K","0.26%"
"16/02/2022","429.12","423.84","429.53","423.73","72.43K","1.25%"
"15/02/2022","423.84","421.01","425.25","418.82","47.08K","0.67%"
"14/02/2022","421.01","426.89","427.41","421.01","74.88K","-1.38%"
"11/02/2022","426.89","428.24","429.72","425.74","70.94K","-0.32%"
"10/02/2022","428.24","424.19","431.14","424.19","55.31K","0.95%"
"09/02/2022","424.19","417.86","424.29","415.12","64.77K","1.51%"
"08/02/2022","417.89","419.33","419.62","416.09","58.75K","-0.34%"
"07/02/2022","419.33","417.10","423.81","416.99","52.32K","0.62%"
"28/01/2022","416.73","411.28","417.03","406.85","67.64K","1.33%"
"27/01/2022","411.27","411.82","414.60","405.97","51.67K","-0.13%"
"26/01/2022","411.82","410.23","417.34","410.23","52.31K","0.39%"
"25/01/2022","410.23","400.76","410.95","395.24","69.62K","2.36%"
"24/01/2022","400.76","419.49","421.63","400.67","110.39K","-4.09%"
"21/01/2022","417.84","411.88","421.43","411.88","81.06K","1.47%"
"20/01/2022","411.80","409.32","413.36","397.49","78.51K","0.61%"
"19/01/2022","409.31","421.07","421.07","405.84","98.81K","-2.83%"
"18/01/2022","421.21","445.38","445.38","417.21","91.15K","-5.42%"
"17/01/2022","445.34","466.69","475.93","445.27","130.50K","-4.61%"
"14/01/2022","466.86","460.83","468.48","451.85","86.09K","1.31%"
"13/01/2022","460.83","473.43","478.70","460.70","106.15K","-2.70%"
"12/01/2022","473.64","478.59","481.77","464.91","135.12K","-1.65%"
"11/01/2022","481.61","482.80","486.75","479.80","138.11K","-0.27%"
"10/01/2022","482.89","493.84","500.09","482.65","185.62K","-2.22%"
"07/01/2022","493.84","484.87","493.94","484.87","143.93K","1.85%"
"06/01/2022","484.89","480.36","487.35","479.54","139.69K","0.94%"
"05/01/2022","480.36","474.10","480.87","474.10","131.88K","1.32%"
"04/01/2022","474.10","473.99","479.81","467.51","97.18K","0.02%"
"31/12/2021","473.99","461.67","474.18","460.94","102.38K","2.67%"
"30/12/2021","461.65","457.83","461.88","457.69","115.86K","0.83%"
"29/12/2021","457.83","458.03","460.33","456.90","105.72K","-0.05%"
"28/12/2021","458.05","449.41","458.05","449.41","128.26K","1.92%"
"27/12/2021","449.41","445.60","449.84","444.83","85.30K","0.85%"
"24/12/2021","445.61","442.61","447.04","440.69","115.18K","0.68%"
"23/12/2021","442.61","453.10","454.02","440.97","162.00K","-2.32%"
"22/12/2021","453.10","455.01","457.62","451.60","142.41K","-0.42%"
"21/12/2021","455.01","455.19","456.72","451.87","111.22K","0.09%"
"20/12/2021","454.59","456.20","458.31","451.83","120.83K","-0.35%"
"17/12/2021","456.20","457.04","461.15","454.82","140.19K","-0.18%"
"16/12/2021","457.03","453.70","457.45","453.53","115.57K","0.73%"
"15/12/2021","453.70","454.68","456.23","453.01","112.76K","-0.22%"
"14/12/2021","454.68","457.59","459.12","452.33","108.10K","-0.63%"
"13/12/2021","457.56","450.75","457.71","450.57","108.08K","1.51%"
"10/12/2021","450.75","452.57","453.73","449.58","103.34K","-0.39%"
"09/12/2021","452.53","449.74","453.68","448.47","88.30K","0.62%"
"08/12/2021","449.74","446.42","451.72","446.17","121.19K","0.75%"
"07/12/2021","446.41","435.85","446.41","435.27","104.93K","2.42%"
"06/12/2021","435.85","449.27","450.18","432.99","138.53K","-2.99%"
"03/12/2021","449.27","458.24","460.13","449.27","153.85K","-1.96%"
"02/12/2021","458.23","455.81","460.12","448.17","124.03K","0.53%"
"01/12/2021","455.81","458.05","458.62","454.02","126.66K","-0.49%"
"30/11/2021","458.05","460.58","464.01","456.36","149.16K","-0.55%"
"29/11/2021","460.58","458.63","464.40","449.33","133.96K","0.43%"
"26/11/2021","458.63","459.68","463.76","455.06","133.68K","-0.23%"
"25/11/2021","459.67","455.59","459.99","455.19","106.57K","0.90%"
"24/11/2021","455.58","448.60","455.58","448.22","106.46K","1.56%"
"23/11/2021","448.60","444.68","448.60","437.53","116.67K","0.90%"
"22/11/2021","444.62","453.97","456.50","443.25","180.71K","-2.06%"
"19/11/2021","453.97","468.73","474.76","453.97","250.86K","-3.15%"
"18/11/2021","468.73","462.95","469.90","462.02","168.66K","1.25%"
"17/11/2021","462.95","452.27","462.98","451.53","140.12K","2.37%"
"16/11/2021","452.25","444.85","453.96","439.16","191.31K","1.79%"
"15/11/2021","444.28","441.64","449.62","441.64","204.55K","0.60%"
"12/11/2021","441.63","439.22","442.17","437.43","162.87K","0.66%"
"11/11/2021","438.73","438.24","440.76","432.98","181.85K","0.11%"
"10/11/2021","438.24","432.64","438.33","432.64","150.77K","1.29%"
"09/11/2021","432.64","432.10","434.91","430.16","143.01K","0.12%"
"08/11/2021","432.10","427.67","433.95","427.50","159.43K","1.04%"
"05/11/2021","427.64","422.39","428.52","422.36","145.12K","1.24%"
"04/11/2021","422.42","415.71","422.92","413.84","135.76K","1.61%"
"03/11/2021","415.71","424.12","430.31","415.70","216.14K","-1.98%"
"02/11/2021","424.11","415.55","424.83","415.55","178.22K","2.06%"
"01/11/2021","415.54","412.13","420.42","412.13","169.05K","0.83%"
"29/10/2021","412.12","411.08","413.93","409.20","146.38K","0.26%"
"28/10/2021","411.07","404.36","411.07","403.92","161.21K","1.66%"
"27/10/2021","404.37","397.85","404.83","397.85","136.46K","1.65%"
"26/10/2021","397.81","395.89","398.02","393.46","112.00K","0.49%"
"25/10/2021","395.88","391.30","397.46","390.55","145.26K","1.19%"
"22/10/2021","391.21","388.46","392.13","388.43","151.84K","0.71%"
"21/10/2021","388.45","388.29","391.28","386.33","117.43K","0.04%"
"20/10/2021","388.29","387.00","390.20","385.96","134.43K","0.33%"
"19/10/2021","387.00","384.88","388.00","383.81","106.98K","0.55%"
"18/10/2021","384.88","384.84","388.05","384.33","122.55K","0.01%"
"15/10/2021","384.84","384.99","387.50","383.29","114.74K","0.00%"
"14/10/2021","384.84","379.34","386.49","379.34","104.37K","1.45%"
"13/10/2021","379.34","375.68","379.95","375.68","90.73K","0.97%"
"12/10/2021","375.68","374.34","378.31","374.34","105.24K","0.36%"
"11/10/2021","374.34","371.92","375.20","371.66","93.80K","0.65%"
"08/10/2021","371.92","370.43","372.68","370.07","93.67K","0.41%"
"07/10/2021","370.40","368.38","371.74","368.28","102.28K","0.52%"
"06/10/2021","368.47","366.59","368.52","366.52","98.01K","0.54%"
"05/10/2021","366.50","360.80","366.53","359.96","144.94K","1.55%"
"04/10/2021","360.89","356.49","360.97","356.12","142.45K","1.23%"
"01/10/2021","356.49","357.36","359.42","355.16","114.26K","-0.24%"
"30/09/2021","357.33","354.26","359.05","354.25","90.73K","0.86%"
"29/09/2021","354.29","356.04","356.64","352.71","105.75K","-0.49%"
"28/09/2021","356.03","353.01","357.10","349.62","135.63K","0.86%"
"27/09/2021","353.01","359.56","361.51","352.73","145.72K","-1.84%"
"24/09/2021","359.63","360.95","362.70","358.59","135.35K","-0.39%"
"23/09/2021","361.02","363.46","365.75","359.69","198.81K","-0.66%"
"22/09/2021","363.43","358.99","363.43","358.58","181.16K","1.24%"
"21/09/2021","358.98","359.09","359.47","354.30","185.90K","0.03%"
"20/09/2021","358.87","358.02","362.19","357.14","184.30K","0.25%"
"17/09/2021","357.97","353.24","359.02","353.24","170.06K","1.34%"
"16/09/2021","353.24","350.82","355.60","350.82","157.91K","0.71%"
"15/09/2021","350.75","347.86","352.08","347.66","169.17K","0.83%"
"14/09/2021","347.86","349.07","353.44","347.35","165.06K","-0.34%"
"13/09/2021","349.05","350.04","354.39","348.70","167.60K","-0.29%"
"10/09/2021","350.05","350.44","352.36","349.38","120.75K","-0.11%"
"09/09/2021","350.44","347.24","350.99","347.07","107.11K","0.91%"
"08/09/2021","347.28","346.49","350.61","346.49","117.11K","0.23%"
"07/09/2021","346.48","345.65","350.81","345.65","169.03K","0.25%"
"06/09/2021","345.63","343.55","348.45","343.55","184.68K","0.64%"
"01/09/2021","343.42","342.84","345.68","341.87","133.94K","0.18%"
"31/08/2021","342.81","341.30","343.85","341.06","144.04K","0.44%"
"30/08/2021","341.30","338.79","342.68","338.58","134.95K","0.74%"
"27/08/2021","338.79","336.64","338.79","332.41","133.78K","0.58%"
"26/08/2021","336.85","336.01","340.75","335.02","118.69K","0.25%"
"25/08/2021","336.01","331.79","336.01","329.47","100.05K","1.27%"
"24/08/2021","331.79","334.82","339.15","329.91","161.13K","-0.91%"
"23/08/2021","334.84","338.07","339.62","334.84","166.82K","-0.95%"
"20/08/2021","338.06","346.08","347.31","332.46","258.87K","-2.31%"
"19/08/2021","346.07","344.82","347.15","343.38","152.37K","0.36%"
"18/08/2021","344.82","343.16","346.14","342.51","147.95K","0.50%"
"17/08/2021","343.11","343.53","345.38","341.24","167.11K","-0.12%"
"16/08/2021","343.53","336.96","343.76","336.76","180.37K","1.95%"
"13/08/2021","336.96","334.33","336.97","330.10","152.35K","0.79%"
"12/08/2021","334.33","334.55","337.50","332.86","149.65K","-0.03%"
"11/08/2021","334.44","335.33","338.13","334.44","147.63K","-0.19%"
"10/08/2021","335.08","330.68","335.32","330.62","161.45K","1.33%"
"09/08/2021","330.68","325.47","330.82","323.81","136.71K","1.60%"
"06/08/2021","325.46","325.46","327.38","324.45","135.33K","0.00%"
"05/08/2021","325.46","320.02","325.51","318.93","134.09K","1.70%"
"04/08/2021","320.02","319.14","326.59","318.21","119.08K","0.28%"
"03/08/2021","319.13","314.94","319.13","314.17","113.02K","1.33%"
"02/08/2021","314.93","314.86","317.70","314.06","102.57K","0.03%"
"30/07/2021","314.85","311.00","315.02","310.97","106.37K","1.25%"
"29/07/2021","310.97","306.36","311.25","306.04","87.61K","1.54%"
"28/07/2021","306.25","306.00","307.27","298.93","62.29K","0.08%"
"27/07/2021","306.00","302.76","307.68","296.17","90.26K","1.03%"
"26/07/2021","302.88","301.23","303.35","298.68","71.58K","0.37%"
"23/07/2021","301.77","305.97","306.47","301.77","86.90K","-1.37%"
"22/07/2021","305.97","300.82","306.69","300.03","87.18K","1.72%"
"21/07/2021","300.80","301.11","304.28","299.07","59.48K","-0.10%"
"20/07/2021","301.11","292.08","301.11","288.79","92.86K","3.10%"
"19/07/2021","292.06","307.74","307.74","291.84","115.98K","-5.10%"
"16/07/2021","307.76","306.30","311.57","306.30","94.96K","0.48%"
"15/07/2021","306.30","296.84","306.30","295.01","88.83K","3.19%"
"14/07/2021","296.84","295.97","299.85","292.11","88.49K","0.05%"
"13/07/2021","296.70","292.67","298.58","292.22","100.79K","1.27%"
"12/07/2021","292.98","306.73","307.94","288.27","183.25K","-4.48%"
"09/07/2021","306.73","315.98","317.36","306.54","119.80K","-2.93%"
"08/07/2021","315.98","319.80","321.48","315.82","94.60K","-1.20%"
"07/07/2021","319.83","318.51","324.98","312.46","145.94K","0.41%"
"06/07/2021","318.51","327.76","330.97","318.51","160.20K","-2.82%"
"05/07/2021","327.76","328.06","329.00","323.40","138.24K","-0.08%"
"02/07/2021","328.01","325.72","328.79","325.60","139.52K","0.70%"
"01/07/2021","325.72","323.32","326.55","321.63","151.07K","0.74%"
"30/06/2021","323.32","323.79","324.77","321.75","99.82K","-0.15%"
"29/06/2021","323.79","323.10","325.57","322.22","128.61K","0.21%"
"28/06/2021","323.10","318.22","323.30","318.04","127.96K","1.53%"
"25/06/2021","318.22","315.08","318.23","313.55","117.52K","1.00%"
"24/06/2021","315.08","315.81","317.38","313.67","89.49K","-0.23%"
"23/06/2021","315.80","317.09","318.71","314.89","122.03K","-0.41%"
"22/06/2021","317.09","316.24","322.84","316.24","139.00K","0.27%"
"21/06/2021","316.24","318.73","320.01","315.74","136.50K","-0.78%"
"18/06/2021","318.73","317.07","320.63","316.82","134.89K","0.52%"
"17/06/2021","317.07","313.65","317.27","309.46","146.32K","1.09%"
"16/06/2021","313.65","318.29","320.94","313.65","174.23K","-1.46%"
"15/06/2021","318.29","318.83","321.81","317.67","152.94K","-0.23%"
"14/06/2021","319.01","316.71","322.23","316.68","165.10K","0.73%"
"11/06/2021","316.69","311.32","320.23","311.27","149.81K","1.72%"
"10/06/2021","311.32","316.88","319.11","311.32","142.39K","-1.75%"
"09/06/2021","316.87","306.39","317.16","302.08","150.52K","3.42%"
"08/06/2021","306.39","318.64","324.87","301.58","222.19K","-3.84%"
"07/06/2021","318.63","329.76","330.65","317.09","224.09K","-3.38%"
"04/06/2021","329.76","329.95","331.90","325.25","203.05K","-0.06%"
"03/06/2021","329.95","322.05","331.40","321.87","222.87K","2.45%"
"02/06/2021","322.05","318.47","322.10","314.06","177.49K","1.12%"
"01/06/2021","318.47","317.87","324.70","315.90","201.09K","0.20%"
"31/05/2021","317.85","310.63","318.37","308.70","186.21K","2.38%"
"28/05/2021","310.46","304.28","311.38","303.55","168.33K","1.97%"
"27/05/2021","304.45","304.83","307.41","301.49","137.89K","-0.13%"
"26/05/2021","304.86","301.59","305.74","301.01","135.89K","1.08%"
"25/05/2021","301.59","300.42","301.87","299.77","116.14K","0.42%"
"24/05/2021","300.33","298.01","300.35","297.67","106.80K","0.79%"
"21/05/2021","297.99","295.10","299.63","293.98","133.04K","0.98%"
"20/05/2021","295.10","295.39","296.29","294.33","124.96K","-0.05%"
"19/05/2021","295.25","294.64","295.27","292.09","127.04K","0.21%"
"18/05/2021","294.64","296.94","297.33","291.74","118.99K","-0.72%"
"17/05/2021","296.79","294.72","300.46","294.16","128.80K","0.70%"
"14/05/2021","294.72","287.04","294.79","287.01","139.29K","2.68%"
"13/05/2021","287.03","282.32","288.01","282.23","118.83K","1.66%"
"12/05/2021","282.33","279.71","282.49","277.99","88.91K","0.92%"
"11/05/2021","279.76","280.27","282.58","278.93","110.12K","-0.18%"
"10/05/2021","280.27","279.85","281.19","277.62","109.90K","0.15%"
"07/05/2021","279.86","281.08","281.16","275.39","114.82K","-0.44%"
"06/05/2021","281.09","280.86","286.13","280.78","112.01K","0.06%"
"05/05/2021","280.93","277.71","281.96","277.32","115.03K","1.16%"
"04/05/2021","277.71","281.98","282.00","276.49","100.55K","-1.43%"
"29/04/2021","281.75","282.10","282.62","281.02","85.14K","-0.11%"
"28/04/2021","282.07","280.56","282.10","279.02","85.75K","0.54%"
"27/04/2021","280.56","280.68","280.68","277.56","100.34K","-0.04%"
"26/04/2021","280.68","283.64","287.82","280.24","127.90K","-1.04%"
"23/04/2021","283.63","287.03","287.53","277.93","137.54K","-1.19%"
"22/04/2021","287.04","296.48","297.37","287.04","168.39K","-3.18%"
"20/04/2021","296.48","295.73","297.57","295.48","155.96K","0.25%"
"19/04/2021","295.75","293.11","295.78","291.13","151.33K","0.90%"
"16/04/2021","293.11","296.17","297.12","290.18","218.50K","-1.02%"
"15/04/2021","296.12","294.82","297.22","294.15","157.31K","0.44%"
"14/04/2021","294.83","292.19","294.85","290.66","155.27K","0.90%"
"13/04/2021","292.19","295.53","298.32","292.18","227.37K","-1.13%"
"12/04/2021","295.53","293.78","295.85","292.83","183.04K","0.59%"
"09/04/2021","293.79","293.76","294.15","291.92","160.74K","0.01%"
"08/04/2021","293.75","292.86","294.26","291.13","178.30K","0.31%"
"07/04/2021","292.84","291.69","293.26","291.05","157.56K","0.40%"
"06/04/2021","291.68","292.03","292.82","288.97","189.52K","0.15%"
"05/04/2021","291.24","295.61","297.34","291.23","148.98K","-1.24%"
"02/04/2021","294.89","292.40","298.01","291.58","177.98K","0.85%"
"01/04/2021","292.40","286.67","293.88","284.39","187.29K","2.00%"
"31/03/2021","286.67","281.15","286.88","279.80","210.73K","1.97%"
"30/03/2021","281.14","276.17","281.37","276.06","160.75K","1.80%"
"29/03/2021","276.16","270.96","276.16","269.83","170.19K","1.92%"
"26/03/2021","270.96","267.19","270.98","258.70","215.60K","1.41%"
"25/03/2021","267.19","268.64","269.80","266.45","107.15K","-0.56%"
"24/03/2021","268.69","272.37","272.73","265.11","168.52K","-1.34%"
"23/03/2021","272.34","274.88","276.22","269.49","163.93K","-0.91%"
"22/03/2021","274.84","277.70","278.96","274.31","131.57K","-1.03%"
"19/03/2021","277.70","277.54","277.84","274.63","140.30K","0.08%"
"18/03/2021","277.48","276.59","279.41","275.27","143.07K","0.34%"
"17/03/2021","276.55","275.92","276.98","274.67","142.96K","0.24%"
"16/03/2021","275.88","275.19","276.98","272.99","164.91K","0.25%"
"15/03/2021","275.19","273.91","279.52","273.81","136.80K","0.47%"
"12/03/2021","273.91","273.54","278.47","273.34","140.79K","0.14%"
"11/03/2021","273.52","267.70","273.57","267.42","158.68K","2.40%"
"10/03/2021","267.10","264.83","267.10","263.56","147.13K","0.86%"
"09/03/2021","264.83","263.42","266.66","263.42","143.85K","0.54%"
"08/03/2021","263.42","259.83","265.43","259.83","143.30K","1.39%"
"05/03/2021","259.80","255.77","260.61","253.99","151.80K","1.58%"
"04/03/2021","255.77","254.10","257.24","251.41","171.24K","0.66%"
"03/03/2021","254.10","247.93","254.10","247.62","118.04K","2.48%"
"02/03/2021","247.94","252.37","255.06","247.93","111.04K","-1.76%"
"01/03/2021","252.37","249.26","252.59","247.66","121.12K","1.26%"
"26/02/2021","249.22","246.19","252.36","244.72","113.01K","1.23%"
"25/02/2021","246.20","237.89","246.20","237.89","113.34K","3.49%"
"24/02/2021","237.89","238.78","240.54","233.57","148.61K","-0.37%"
"23/02/2021","238.78","237.97","238.78","232.46","124.68K","0.34%"
"22/02/2021","237.97","231.18","238.20","229.62","104.54K","2.94%"
"19/02/2021","231.18","230.96","232.24","229.16","100.47K","0.10%"
"18/02/2021","230.96","230.57","232.27","229.96","124.74K","0.17%"
"17/02/2021","230.57","225.37","230.57","224.02","86.29K","2.52%"
"09/02/2021","224.90","220.56","225.36","219.76","73.82K","1.88%"
"08/02/2021","220.76","223.85","227.32","219.10","122.14K","-1.38%"
"05/02/2021","223.84","223.68","227.19","221.88","98.60K","0.07%"
"04/02/2021","223.68","223.63","225.73","222.57","80.18K","0.03%"
"03/02/2021","223.62","215.35","224.39","215.35","117.13K","3.84%"
"02/02/2021","215.36","208.87","215.60","207.00","104.28K","3.12%"
"01/02/2021","208.85","214.20","218.48","208.43","101.50K","-2.50%"
"29/01/2021","214.21","203.04","214.53","195.19","162.92K","5.50%"
"28/01/2021","203.05","220.77","220.77","201.36","119.27K","-8.03%"
"27/01/2021","220.79","227.82","227.92","218.85","137.30K","-3.09%"
"26/01/2021","227.82","231.86","234.95","222.62","183.45K","-1.73%"
"25/01/2021","231.84","240.15","240.28","231.84","146.27K","-3.45%"
"22/01/2021","240.12","240.35","245.75","233.82","144.54K","-0.06%"
"21/01/2021","240.27","233.30","243.57","233.29","128.13K","3.01%"
"20/01/2021","233.26","224.26","233.26","222.11","172.45K","4.12%"
"19/01/2021","224.02","230.58","237.29","220.46","263.62K","-2.81%"
"18/01/2021","230.50","225.51","232.83","225.49","155.62K","2.23%"
"15/01/2021","225.47","222.51","227.09","220.82","174.51K","1.44%"
"14/01/2021","222.27","222.50","222.91","219.66","124.62K","-0.10%"
"13/01/2021","222.49","222.44","225.02","219.10","197.12K","0.23%"
"12/01/2021","221.97","219.20","221.97","216.56","166.54K","1.30%"
"11/01/2021","219.12","217.42","221.58","217.42","137.89K","0.79%"
"08/01/2021","217.40","216.23","218.12","215.60","165.00K","0.54%"
"07/01/2021","216.23","211.67","216.23","211.16","152.23K","2.15%"
"06/01/2021","211.68","208.16","212.95","208.16","125.95K","1.71%"
"05/01/2021","208.13","206.29","213.01","205.72","123.47K","0.90%"
"04/01/2021","206.28","203.12","206.60","200.46","106.19K","1.56%"
"31/12/2020","203.12","196.94","203.15","194.34","100.18K","3.14%"
"30/12/2020","196.94","197.10","197.32","192.06","110.79K","-0.08%"
"29/12/2020","197.10","196.58","197.85","194.20","101.70K","0.27%"
"28/12/2020","196.57","192.46","198.08","192.44","122.33K","2.14%"
"25/12/2020","192.46","187.63","192.67","183.87","98.21K","2.57%"
"24/12/2020","187.63","190.26","190.65","184.22","132.74K","-1.38%"
"23/12/2020","190.25","187.88","191.52","187.36","145.16K","1.28%"
"22/12/2020","187.85","182.11","187.85","180.21","114.46K","3.15%"
"21/12/2020","182.11","177.02","182.12","177.02","115.87K","2.88%"
"18/12/2020","177.02","172.01","177.07","170.00","88.88K","2.92%"
"17/12/2020","172.00","171.73","172.33","169.16","112.27K","0.22%"
"16/12/2020","171.62","167.83","172.10","167.83","71.33K","2.23%"
"15/12/2020","167.87","165.74","168.76","165.71","100.91K","1.29%"
"14/12/2020","165.74","162.32","166.14","161.60","76.25K","2.11%"
"11/12/2020","162.32","159.27","162.40","159.09","54.11K","1.90%"
"10/12/2020","159.30","158.74","161.09","158.74","72.29K","0.35%"
"09/12/2020","158.74","156.61","159.41","156.58","74.43K","1.36%"
"08/12/2020","156.61","154.20","156.90","154.12","72.76K","1.56%"
"07/12/2020","154.20","152.48","154.20","152.22","58.06K","1.13%"
"04/12/2020","152.48","152.02","153.18","150.97","60.61K","0.32%"
"03/12/2020","151.99","150.80","152.33","150.80","55.25K","0.79%"
"02/12/2020","150.80","148.93","151.11","148.67","67.26K","1.26%"
"01/12/2020","148.93","147.70","149.02","145.57","82.11K","0.83%"
"30/11/2020","147.70","148.19","148.60","147.17","57.81K","-0.32%"
"27/11/2020","148.17","148.40","148.96","147.67","50.96K","-0.15%"
"26/11/2020","148.40","148.11","148.90","147.06","62.20K","0.21%"
"25/11/2020","148.09","147.56","148.67","147.06","73.21K","0.35%"
"24/11/2020","147.58","148.18","149.25","146.32","69.93K","-0.40%"
"23/11/2020","148.18","147.21","148.18","146.46","63.23K","0.66%"
"20/11/2020","147.21","146.85","147.57","146.00","61.91K","0.25%"
"19/11/2020","146.85","146.80","147.41","146.03","56.67K","0.03%"
"18/11/2020","146.80","146.58","147.68","145.70","59.14K","0.15%"
"17/11/2020","146.58","143.36","146.58","143.36","66.01K","2.25%"
"16/11/2020","143.36","144.74","145.71","143.12","58.06K","-0.95%"
"13/11/2020","144.74","144.62","145.10","143.90","49.23K","0.08%"
"12/11/2020","144.62","141.82","144.62","141.61","55.40K","1.97%"
"11/11/2020","141.82","141.37","142.06","140.62","43.68K","0.32%"
"10/11/2020","141.37","141.61","143.67","141.24","69.26K","-0.17%"
"09/11/2020","141.61","139.32","141.61","139.32","53.54K","1.65%"
"06/11/2020","139.31","138.30","139.31","137.77","32.29K","0.73%"
"05/11/2020","138.30","140.03","140.48","138.18","34.68K","-1.24%"
"04/11/2020","140.03","138.56","140.55","138.56","44.18K","1.05%"
"03/11/2020","138.58","136.87","138.71","136.86","36.48K","1.25%"
"02/11/2020","136.87","135.34","136.90","135.20","30.13K","1.13%"
"30/10/2020","135.34","134.39","135.87","133.67","33.81K","0.72%"
"29/10/2020","134.37","134.02","135.43","132.61","42.95K","0.25%"
"28/10/2020","134.04","137.13","137.34","133.90","58.97K","-2.25%"
"27/10/2020","137.13","139.03","139.35","137.13","48.03K","-1.37%"
"26/10/2020","139.03","141.84","142.31","139.02","55.67K","-1.88%"
"23/10/2020","141.70","140.86","142.26","140.85","60.73K","0.60%"
"22/10/2020","140.86","140.19","141.42","139.48","41.77K","0.63%"
"21/10/2020","139.98","140.30","141.41","139.97","49.53K","-0.25%"
"20/10/2020","140.33","140.88","141.31","139.48","46.03K","-0.39%"
"19/10/2020","140.88","139.82","141.85","139.71","47.30K","0.76%"
"16/10/2020","139.82","139.65","140.88","138.60","45.02K","0.11%"
"15/10/2020","139.66","137.49","140.62","137.47","62.77K","1.58%"
"14/10/2020","137.49","136.37","137.74","136.10","59.11K","0.98%"
"13/10/2020","136.15","135.92","136.32","135.07","35.10K","0.18%"
"12/10/2020","135.90","136.91","138.17","135.65","64.00K","-0.74%"
"09/10/2020","136.91","135.62","137.43","135.47","65.00K","0.96%"
"08/10/2020","135.61","136.14","136.99","134.49","65.73K","-0.38%"
"07/10/2020","136.13","137.78","138.05","136.02","68.33K","-1.19%"
"06/10/2020","137.77","137.19","138.67","136.78","58.10K","0.42%"
"05/10/2020","137.19","134.91","137.33","134.72","79.26K","1.69%"
"02/10/2020","134.91","133.50","135.92","132.58","87.87K","1.06%"
"01/10/2020","133.50","132.93","133.94","131.95","54.10K","0.43%"
"30/09/2020","132.93","131.74","132.93","131.05","43.31K","0.90%"
"29/09/2020","131.74","133.12","134.08","131.47","62.22K","-1.04%"
"28/09/2020","133.12","131.54","133.55","131.52","52.30K","1.22%"
"25/09/2020","131.52","131.72","132.25","130.22","48.35K","-0.08%"
"24/09/2020","131.63","132.65","132.83","131.32","15.20K","-0.76%"
"23/09/2020","132.64","132.12","133.71","132.03","50.96K","0.34%"
"22/09/2020","132.19","130.58","132.20","129.94","66.56K","1.23%"
"21/09/2020","130.58","129.19","131.89","129.09","69.14K","1.07%"
"18/09/2020","129.20","128.48","129.35","128.23","43.20K","0.57%"
"17/09/2020","128.47","127.86","129.42","127.54","58.35K","0.47%"
"16/09/2020","127.87","127.93","128.15","127.38","52.99K","-0.05%"
"15/09/2020","127.93","127.44","128.08","127.17","57.70K","0.39%"
"14/09/2020","127.43","126.21","127.55","126.21","55.26K","0.97%"
"11/09/2020","126.21","125.82","126.78","124.79","48.50K","0.31%"
"10/09/2020","125.82","125.94","126.95","125.69","40.59K","-0.09%"
"09/09/2020","125.93","124.80","125.93","123.55","40.05K","0.91%"
"08/09/2020","124.80","125.43","125.89","124.54","50.43K","-0.50%"
"07/09/2020","125.43","126.15","126.66","124.72","52.32K","-0.57%"
"04/09/2020","126.15","126.06","126.18","123.84","51.21K","0.08%"
"03/09/2020","126.05","125.42","126.52","124.57","52.26K","0.51%"
"01/09/2020","125.41","125.29","125.41","124.00","44.14K","0.45%"
"31/08/2020","124.85","125.83","126.69","124.69","54.41K","-0.79%"
"28/08/2020","125.84","124.92","126.88","124.92","57.43K","0.74%"
"27/08/2020","124.92","123.89","125.08","123.61","42.76K","0.83%"
"26/08/2020","123.89","123.46","124.28","122.88","58.52K","0.42%"
"25/08/2020","123.37","123.18","124.10","122.60","52.54K","0.17%"
"24/08/2020","123.16","122.64","124.41","122.20","47.98K","0.42%"
"21/08/2020","122.64","121.18","122.73","120.57","43.83K","1.20%"
"20/08/2020","121.18","119.19","122.25","119.19","55.25K","1.67%"
"19/08/2020","119.19","117.05","119.57","116.76","51.88K","1.85%"
"18/08/2020","117.02","117.22","117.74","116.92","39.62K","-0.16%"
"17/08/2020","117.21","116.09","117.21","115.53","40.85K","0.84%"
"14/08/2020","116.23","116.87","117.10","115.09","48.70K","-0.55%"
"13/08/2020","116.87","116.11","116.94","116.01","38.37K","0.66%"
"12/08/2020","116.10","116.30","117.14","115.49","37.54K","-0.17%"
"11/08/2020","116.30","113.64","116.35","112.34","48.56K","2.34%"
"10/08/2020","113.64","112.79","114.10","112.79","47.36K","0.76%"
"07/08/2020","112.78","113.35","114.09","112.38","30.58K","-0.50%"
"06/08/2020","113.35","114.00","114.17","112.59","40.66K","-0.59%"
"05/08/2020","114.02","112.48","114.28","112.45","40.60K","1.35%"
"04/08/2020","112.50","110.45","112.70","110.45","39.68K","1.87%"
"03/08/2020","110.43","107.53","110.43","106.69","42.69K","2.72%"
"31/07/2020","107.51","108.14","108.31","105.76","31.95K","-0.55%"
"30/07/2020","108.10","106.92","108.49","105.98","29.09K","1.17%"
"29/07/2020","106.85","107.98","108.06","102.80","52.67K","-1.05%"
"28/07/2020","107.98","102.84","107.98","101.78","48.35K","4.99%"
"27/07/2020","102.85","105.67","108.13","102.47","65.01K","-5.93%"
"24/07/2020","109.33","113.87","114.24","107.74","68.86K","-3.99%"
"23/07/2020","113.87","115.33","115.35","113.13","39.29K","-1.26%"
"22/07/2020","115.32","116.16","116.30","114.66","32.16K","-0.66%"
"21/07/2020","116.09","115.72","116.18","114.45","32.10K","0.32%"
"20/07/2020","115.72","116.81","117.08","115.49","35.03K","-0.93%"
"17/07/2020","116.81","115.59","117.07","114.90","38.92K","1.06%"
"16/07/2020","115.59","115.92","116.60","115.10","31.38K","-0.28%"
"15/07/2020","115.91","116.14","117.19","115.75","29.63K","-0.20%"
"14/07/2020","116.14","115.65","116.14","115.04","32.25K","0.42%"
"13/07/2020","115.65","115.74","116.74","114.84","29.18K","-0.01%"
"10/07/2020","115.66","116.16","116.67","115.05","30.47K","-0.43%"
"09/07/2020","116.16","114.37","116.23","114.36","46.27K","1.57%"
"08/07/2020","114.37","113.71","114.41","112.67","25.20K","0.58%"
"07/07/2020","113.71","113.08","114.47","111.76","33.38K","0.57%"
"06/07/2020","113.07","111.55","113.27","111.37","31.23K","1.36%"
"03/07/2020","111.55","111.61","112.29","111.39","31.46K","-0.05%"
"02/07/2020","111.61","111.69","112.47","111.23","24.01K","-0.07%"
"01/07/2020","111.69","109.74","112.01","108.83","33.09K","1.76%"
"30/06/2020","109.76","110.34","111.83","107.94","57.54K","-0.51%"
"29/06/2020","110.32","113.42","113.42","109.53","53.39K","-2.76%"
"26/06/2020","113.45","114.06","115.32","113.26","50.28K","-0.54%"
"25/06/2020","114.07","113.69","114.07","112.51","57.76K","0.33%"
"24/06/2020","113.70","114.63","115.70","113.57","51.80K","-0.81%"
"23/06/2020","114.63","114.73","115.71","114.01","66.85K","-0.08%"
"22/06/2020","114.72","115.36","116.46","114.53","57.41K","-0.55%"
"19/06/2020","115.36","112.74","115.39","112.74","47.90K","2.32%"
"18/06/2020","112.74","113.27","113.29","112.03","48.25K","-0.47%"
"17/06/2020","113.27","115.94","115.96","113.27","70.22K","-1.92%"
"16/06/2020","115.49","113.82","116.16","113.82","60.91K","1.47%"
"15/06/2020","113.82","116.91","117.46","113.32","81.89K","-2.64%"
"12/06/2020","116.91","116.07","116.96","111.92","80.36K","0.73%"
"11/06/2020","116.06","120.62","121.96","116.04","118.21K","-3.83%"
"10/06/2020","120.68","120.13","121.06","118.85","72.78K","0.46%"
"09/06/2020","120.13","120.10","120.56","118.88","79.35K","0.02%"
"08/06/2020","120.10","118.14","120.68","118.14","102.21K","1.71%"
"05/06/2020","118.08","117.51","118.08","116.35","67.34K","0.56%"
"04/06/2020","117.42","116.48","117.89","116.48","65.03K","0.80%"
"03/06/2020","116.49","113.64","116.51","113.61","56.60K","2.51%"
"02/06/2020","113.64","114.14","116.37","113.23","76.85K","-0.44%"
"01/06/2020","114.14","109.83","114.18","109.53","78.63K","3.94%"
"29/05/2020","109.81","109.64","109.85","108.88","49.59K","0.16%"
"28/05/2020","109.64","108.87","110.34","108.80","39.22K","0.69%"
"27/05/2020","108.89","110.49","111.55","108.54","58.07K","-1.45%"
"26/05/2020","110.49","109.15","110.67","108.14","60.67K","1.23%"
"25/05/2020","109.15","107.05","109.36","107.05","43.82K","1.97%"
"22/05/2020","107.04","105.74","107.70","105.09","66.98K","1.23%"
"21/05/2020","105.74","105.20","106.33","104.66","71.76K","-1.12%"
"20/05/2020","106.94","108.83","108.83","106.48","43.34K","-1.74%"
"19/05/2020","108.83","108.54","110.38","108.18","58.30K","0.27%"
"18/05/2020","108.54","109.03","109.51","106.39","51.19K","-0.44%"
"15/05/2020","109.02","111.34","112.76","109.00","70.69K","-2.08%"
"14/05/2020","111.34","111.88","112.08","110.78","59.38K","-0.46%"
"13/05/2020","111.86","111.78","112.30","110.62","61.05K","0.07%"
"12/05/2020","111.78","111.59","112.24","110.51","51.65K","0.19%"
"11/05/2020","111.57","110.03","111.57","110.03","51.10K","1.41%"
"08/05/2020","110.02","108.31","110.79","107.20","62.01K","1.58%"
"07/05/2020","108.31","106.65","108.36","106.58","37.46K","1.55%"
"06/05/2020","106.66","105.41","106.75","104.75","51.29K","1.19%"
"05/05/2020","105.41","105.68","106.15","105.11","26.21K","-0.29%"
"04/05/2020","105.72","106.84","106.87","105.49","40.34K","-1.05%"
"29/04/2020","106.84","106.30","106.85","105.90","47.88K","0.55%"
"28/04/2020","106.26","106.30","106.68","104.89","40.49K","-0.04%"
"27/04/2020","106.30","106.98","107.59","105.92","37.76K","-0.63%"
"24/04/2020","106.97","106.99","107.12","105.92","43.45K","0.00%"
"23/04/2020","106.97","106.78","108.57","106.50","47.11K","0.16%"
"22/04/2020","106.80","104.71","107.28","102.28","44.26K","2.01%"
"21/04/2020","104.70","109.70","109.72","104.40","73.16K","-4.54%"
"20/04/2020","109.68","110.48","111.27","109.66","67.80K","-0.71%"
"17/04/2020","110.46","108.73","110.61","108.18","51.25K","1.57%"
"16/04/2020","108.75","108.33","108.76","107.27","37.40K","0.39%"
"15/04/2020","108.33","107.15","108.90","106.78","48.85K","1.10%"
"14/04/2020","107.15","107.16","107.45","105.66","50.34K","-0.01%"
"13/04/2020","107.16","106.20","108.02","103.10","35.85K","0.92%"
"10/04/2020","106.18","105.08","107.33","101.58","49.91K","1.05%"
"09/04/2020","105.08","107.14","107.20","103.65","48.03K","1.11%"
"08/04/2020","103.93","103.16","106.60","101.59","41.28K","0.48%"
"07/04/2020","103.43","103.43","104.21","102.02","56.48K","0.16%"
"06/04/2020","103.26","97.86","103.28","97.86","61.22K","5.54%"
"03/04/2020","97.84","95.62","98.17","94.81","44.07K","2.33%"
"01/04/2020","95.61","92.64","95.91","89.70","32.71K","3.21%"
"31/03/2020","92.64","93.06","94.98","91.58","49.58K","-0.69%"
"30/03/2020","93.28","97.30","97.30","92.65","39.71K","-4.18%"
"27/03/2020","97.35","97.85","98.32","96.39","40.60K","-0.47%"
"26/03/2020","97.81","100.07","100.30","97.66","40.97K","-2.28%"
"25/03/2020","100.09","97.01","100.44","96.99","42.91K","3.24%"
"24/03/2020","96.95","96.45","97.37","95.90","51.42K","0.51%"
"23/03/2020","96.46","101.52","101.52","96.08","64.72K","-5.24%"
"20/03/2020","101.79","101.03","104.69","100.31","50.03K","0.79%"
"19/03/2020","100.99","101.84","101.96","99.83","87.55K","-0.83%"
"18/03/2020","101.84","100.75","102.55","100.64","66.00K","1.11%"
"17/03/2020","100.72","99.64","101.05","96.79","47.42K","1.10%"
"16/03/2020","99.62","101.40","101.85","98.90","40.69K","-1.74%"
"13/03/2020","101.38","101.99","102.24","97.07","84.57K","-0.53%"
"12/03/2020","101.92","105.54","105.54","100.54","74.71K","-3.41%"
"11/03/2020","105.52","106.20","107.97","102.50","71.62K","-0.64%"
"10/03/2020","106.20","104.87","108.25","103.35","62.29K","-0.13%"
"09/03/2020","106.34","113.64","113.64","105.75","54.70K","-6.44%"
"06/03/2020","113.66","115.03","115.03","112.88","50.49K","-1.19%"
"05/03/2020","115.03","114.03","116.67","114.03","110.89K","0.89%"
"04/03/2020","114.02","112.60","114.02","111.81","87.83K","1.28%"
"03/03/2020","112.58","110.86","113.40","110.78","78.36K","1.73%"
"02/03/2020","110.67","109.58","110.77","108.15","78.12K","0.99%"
"28/02/2020","109.58","108.90","109.69","104.87","65.54K","0.29%"
"27/02/2020","109.26","106.61","109.38","105.69","41.78K","2.49%"
"26/02/2020","106.61","106.66","107.34","105.08","52.90K","-0.05%"
"25/02/2020","106.66","104.08","106.68","102.48","42.52K","2.38%"
"24/02/2020","104.18","108.09","108.09","103.80","64.95K","-3.62%"
"21/02/2020","108.09","109.57","109.92","107.15","33.05K","-1.35%"
"20/02/2020","109.57","109.30","110.92","108.85","35.85K","0.25%"
"19/02/2020","109.30","110.07","110.19","108.70","30.39K","-0.70%"
"18/02/2020","110.07","109.57","111.01","109.31","28.50K","0.46%"
"17/02/2020","109.57","109.74","110.21","108.91","28.78K","-0.15%"
"14/02/2020","109.74","108.19","110.42","108.19","30.65K","1.43%"
"13/02/2020","108.19","108.51","108.71","107.35","36.51K","-0.29%"
"12/02/2020","108.51","104.78","108.64","104.78","41.42K","3.56%"
"11/02/2020","104.78","103.97","104.82","103.62","26.33K","0.78%"
"10/02/2020","103.97","104.92","105.08","103.69","28.82K","-0.91%"
"07/02/2020","104.92","105.84","106.06","104.55","30.78K","-0.87%"
"06/02/2020","105.84","102.80","105.84","102.74","33.56K","2.57%"
"05/02/2020","103.19","102.57","103.93","102.31","34.81K","0.60%"
"04/02/2020","102.57","101.58","102.58","100.92","29.81K","1.24%"
"03/02/2020","101.31","102.40","102.45","98.58","63.45K","-1.03%"
"31/01/2020","102.36","104.09","104.53","102.22","47.49K","-1.68%"
"30/01/2020","104.11","106.28","106.28","103.12","29.83K","-2.04%"
"22/01/2020","106.28","105.59","106.28","105.21","24.74K","0.65%"
"21/01/2020","105.59","104.64","105.88","104.53","25.40K","0.91%"
"20/01/2020","104.64","103.88","105.24","103.57","22.97K","0.73%"
"17/01/2020","103.88","104.32","104.66","103.68","20.99K","-0.42%"
"16/01/2020","104.32","103.19","104.54","103.14","23.00K","1.10%"
"15/01/2020","103.19","103.36","103.46","102.62","18.81K","-0.16%"
"14/01/2020","103.36","102.30","103.48","102.14","20.42K","1.04%"
"13/01/2020","102.30","102.22","102.83","101.98","23.68K","0.08%"
"10/01/2020","102.22","101.36","102.76","101.35","32.26K","0.96%"
"09/01/2020","101.25","100.33","101.74","100.32","22.14K","0.92%"
"08/01/2020","100.33","101.46","101.75","100.07","29.01K","-1.07%"
"07/01/2020","101.42","101.23","101.63","100.95","19.28K","0.19%"
"06/01/2020","101.23","102.39","102.43","101.11","24.49K","-1.13%"
"03/01/2020","102.39","102.99","103.52","102.27","21.84K","-0.58%"
"02/01/2020","102.99","102.51","103.06","102.22","19.67K","0.47%"