time,close,volume
2020-10-01,914.09,352450.0
2020-10-02,909.91,527160.0
2020-10-03,909.91,527160.0
2020-10-04,909.91,527160.0
2020-10-05,914.68,456100.0
2020-10-06,915.67,496130.0
2020-10-07,919.72,523960.00000000006
2020-10-08,918.84,470300.0
2020-10-09,924.0,388130.0
2020-10-10,924.0,388130.0
2020-10-11,924.0,388130.0
2020-10-12,925.83,457230.0
2020-10-13,929.86,359020.0
2020-10-14,940.18,474920.0
2020-10-15,942.76,470510.0
2020-10-16,943.3,443330.0
2020-10-17,943.3,443330.0
2020-10-18,943.3,443330.0
2020-10-19,943.69,389470.0
2020-10-20,944.42,444330.0
2020-10-21,939.03,412650.0
2020-10-22,949.9,365120.0
2020-10-23,961.26,452490.0
2020-10-24,961.26,452490.0
2020-10-25,961.26,452490.0
2020-10-26,950.8,428250.0
2020-10-27,946.47,455850.0
2020-10-28,921.05,456060.0
2020-10-29,919.08,436130.0
2020-10-30,925.47,312750.0
2020-10-31,925.47,312750.0
2020-11-01,925.47,312750.0
2020-11-02,933.68,297600.0
2020-11-03,935.41,318700.0
2020-11-04,939.76,350870.0
2020-11-05,937.75,304330.0
2020-11-06,938.29,268230.0
2020-11-07,938.29,268230.0
2020-11-08,938.29,268230.0
2020-11-09,951.99,393200.0
2020-11-10,951.9,456750.0
2020-11-11,952.22,376510.0
2020-11-12,959.28,343910.0
2020-11-13,966.29,457830.0
2020-11-14,966.29,457830.0
2020-11-15,966.29,457830.0
2020-11-16,950.79,518929.99999999994
2020-11-17,968.9,400960.0
2020-11-18,973.53,478680.0
2020-11-19,983.26,500120.0
2020-11-20,990.0,501050.0
2020-11-21,990.0,501050.0
2020-11-22,990.0,501050.0
2020-11-23,994.19,489690.0
2020-11-24,995.76,550070.0
2020-11-25,999.94,475740.0
2020-11-26,1005.97,493560.0
2020-11-27,1010.22,446440.0
2020-11-28,1010.22,446440.0
2020-11-29,1010.22,446440.0
2020-11-30,1003.08,532930.0
2020-12-01,1008.87,583310.0
2020-12-02,1014.32,684530.0
2020-12-03,1019.8,518909.99999999994
2020-12-04,1021.49,553590.0
2020-12-05,1021.49,553590.0
2020-12-06,1021.49,553590.0
2020-12-07,1029.98,520340.00000000006
2020-12-08,1029.26,527670.0
2020-12-09,1039.13,586050.0
2020-12-10,1030.91,626450.0
2020-12-11,1045.96,463770.0
2020-12-12,1045.96,463770.0
2020-12-13,1045.96,463770.0
2020-12-14,1064.09,583590.0
2020-12-15,1055.27,675180.0
2020-12-16,1066.99,591570.0
2020-12-17,1051.77,667890.0
2020-12-18,1067.46,623640.0
2020-12-19,1067.46,623640.0
2020-12-20,1067.46,623640.0
2020-12-21,1081.08,713660.0
2020-12-22,1083.45,756110.0
2020-12-23,1078.9,813170.0
2020-12-24,1067.52,757320.0
2020-12-25,1084.42,652810.0
2020-12-26,1084.42,652810.0
2020-12-27,1084.42,652810.0
2020-12-28,1091.33,723880.0
2020-12-29,1099.49,678820.0
2020-12-30,1097.54,676980.0
2020-12-31,1103.87,527820.0
2021-01-01,1103.87,527820.0
2021-01-02,1103.87,527820.0
2021-01-03,1103.87,527820.0
2021-01-04,1120.47,764040.0
2021-01-05,1132.55,763430.0
2021-01-06,1143.21,790450.0
2021-01-07,1156.49,763740.0
2021-01-08,1167.69,808310.0
2021-01-09,1167.69,808310.0
2021-01-10,1167.69,808310.0
2021-01-11,1184.89,845850.0
2021-01-12,1192.28,719940.0
2021-01-13,1186.05,819290.0
2021-01-14,1187.4,779340.0
2021-01-15,1194.2,783110.0
2021-01-16,1194.2,783110.0
2021-01-17,1194.2,783110.0
2021-01-18,1191.94,747420.0
2021-01-19,1131.0,986190.0
2021-01-20,1134.68,839300.0
2021-01-21,1164.21,721920.0
2021-01-22,1166.78,758320.0
2021-01-23,1166.78,758320.0
2021-01-24,1166.78,758320.0
2021-01-25,1166.05,707240.0
2021-01-26,1136.12,782270.0
2021-01-27,1097.17,785700.0
2021-01-28,1023.94,767870.0
2021-01-29,1056.61,797390.0
2021-01-30,1056.61,797390.0
2021-01-31,1056.61,797390.0
2021-02-01,1035.51,634330.0
2021-02-02,1075.53,602620.0
2021-02-03,1111.29,703180.0
2021-02-04,1112.19,523409.99999999994
2021-02-05,1126.91,529870.0
2021-02-06,1126.91,529870.0
2021-02-07,1126.91,529870.0
2021-02-08,1083.18,696600.0
2021-02-09,1114.93,519809.99999999994
2021-02-10,1114.93,519809.99999999994
2021-02-11,1114.93,519809.99999999994
2021-02-12,1114.93,519809.99999999994
2021-02-13,1114.93,519809.99999999994
2021-02-14,1114.93,519809.99999999994
2021-02-15,1114.93,519809.99999999994
2021-02-16,1114.93,519809.99999999994
2021-02-17,1155.78,568030.0
2021-02-18,1174.38,614820.0
2021-02-19,1173.5,578280.0
2021-02-20,1173.5,578280.0
2021-02-21,1173.5,578280.0
2021-02-22,1175.04,630040.0
2021-02-23,1177.64,598270.0
2021-02-24,1162.01,603000.0
2021-02-25,1165.43,510430.0
2021-02-26,1168.47,554460.0
2021-02-27,1168.47,554460.0
2021-02-28,1168.47,554460.0
2021-03-01,1186.17,643380.0
2021-03-02,1186.61,577010.0
2021-03-03,1186.95,631670.0
2021-03-04,1168.52,673450.0
2021-03-05,1168.69,594840.0
2021-03-06,1168.69,594840.0
2021-03-07,1168.69,594840.0
2021-03-08,1168.27,652700.0
2021-03-09,1161.97,641430.0
2021-03-10,1170.08,723920.0
2021-03-11,1181.73,629100.0
2021-03-12,1181.56,624710.0
2021-03-13,1181.56,624710.0
2021-03-14,1181.56,624710.0
2021-03-15,1184.56,676960.0
2021-03-16,1179.9,683850.0
2021-03-17,1186.09,701090.0
2021-03-18,1200.94,628640.0
2021-03-19,1194.05,680900.0
2021-03-20,1194.05,680900.0
2021-03-21,1194.05,680900.0
2021-03-22,1194.43,700870.0
2021-03-23,1183.45,683720.0
2021-03-24,1161.81,750480.0
2021-03-25,1163.1,690730.0
2021-03-26,1162.21,670460.0
2021-03-27,1162.21,670460.0
2021-03-28,1162.21,670460.0
2021-03-29,1175.68,660950.0
2021-03-30,1186.36,780730.0
2021-03-31,1191.44,703080.0
2021-04-01,1216.1,672840.0
2021-04-02,1224.45,661890.0
2021-04-03,1224.45,661890.0
2021-04-04,1224.45,661890.0
2021-04-05,1236.05,693040.0
2021-04-06,1239.96,694060.0
2021-04-07,1242.38,727820.0
2021-04-08,1234.89,664510.0
2021-04-09,1231.66,732820.0
2021-04-10,1231.66,732820.0
2021-04-11,1231.66,732820.0
2021-04-12,1252.45,890310.0
2021-04-13,1248.33,1030000.0
2021-04-14,1255.87,861960.0
2021-04-15,1247.25,806490.0
2021-04-16,1238.71,986880.0
2021-04-17,1238.71,986880.0
2021-04-18,1238.71,986880.0
2021-04-19,1260.58,817130.0
2021-04-20,1268.28,843600.0
2021-04-21,1268.28,843600.0
2021-04-22,1227.82,770370.0
2021-04-23,1248.53,716520.0
2021-04-24,1248.53,716520.0
2021-04-25,1248.53,716520.0
2021-04-26,1215.77,744950.0
2021-04-27,1219.75,618170.0
2021-04-28,1229.55,612700.0
2021-04-29,1239.39,647160.0
2021-04-30,1239.39,647160.0
2021-05-01,1239.39,647160.0
2021-05-02,1239.39,647160.0
2021-05-03,1239.39,647160.0
2021-05-04,1242.2,798490.0
2021-05-05,1256.43,744430.0
2021-05-06,1250.57,730500.0
2021-05-07,1241.81,783040.0
2021-05-08,1241.81,783040.0
2021-05-09,1241.81,783040.0
2021-05-10,1259.58,773060.0
2021-05-11,1256.04,770090.0
2021-05-12,1269.09,700670.0
2021-05-13,1261.99,711520.0
2021-05-14,1266.36,730990.0
2021-05-15,1266.36,730990.0
2021-05-16,1266.36,730990.0
2021-05-17,1258.7,758290.0
2021-05-18,1252.68,692480.0
2021-05-19,1262.49,694350.0
2021-05-20,1278.22,745210.0
2021-05-21,1283.93,698930.0
2021-05-22,1283.93,698930.0
2021-05-23,1283.93,698930.0
2021-05-24,1297.98,715510.0
2021-05-25,1308.58,679060.0
2021-05-26,1316.7,713070.0
2021-05-27,1303.57,733000.0
2021-05-28,1320.46,768850.0
2021-05-29,1320.46,768850.0
2021-05-30,1320.46,768850.0
2021-05-31,1328.05,737180.0
2021-06-01,1337.78,629420.0
2021-06-02,1340.78,805240.0
2021-06-03,1364.28,898880.0
2021-06-04,1374.05,943330.0
2021-06-05,1374.05,943330.0
2021-06-06,1374.05,943330.0
2021-06-07,1358.78,876690.0
2021-06-08,1319.88,924510.0
2021-06-09,1332.9,822290.0
2021-06-10,1323.58,723490.0
2021-06-11,1351.74,731260.0
2021-06-12,1351.74,731260.0
2021-06-13,1351.74,731260.0
2021-06-14,1361.72,775730.0
2021-06-15,1367.36,730940.0
2021-06-16,1356.52,769630.0
2021-06-17,1359.92,768730.0
2021-06-18,1377.77,809470.0
2021-06-19,1377.77,809470.0
2021-06-20,1377.77,809470.0
2021-06-21,1372.63,768180.0
2021-06-22,1379.97,746950.0
2021-06-23,1376.87,710770.0
2021-06-24,1379.72,591750.0
2021-06-25,1390.12,598110.0
2021-06-26,1390.12,598110.0
2021-06-27,1390.12,598110.0
2021-06-28,1405.81,699510.0
2021-06-29,1410.04,647390.0
2021-06-30,1408.55,595290.0
2021-07-01,1417.08,753560.0
2021-07-02,1420.27,706830.0
2021-07-03,1420.27,706830.0
2021-07-04,1420.27,706830.0
2021-07-05,1411.13,774450.0
2021-07-06,1354.79,773510.0
2021-07-07,1388.55,733800.0
2021-07-08,1374.68,528830.0
2021-07-09,1347.14,713990.0
2021-07-10,1347.14,713990.0
2021-07-11,1347.14,713990.0
2021-07-12,1296.3,912740.0
2021-07-13,1297.54,500180.0
2021-07-14,1279.91,547970.0
2021-07-15,1293.92,419140.0
2021-07-16,1299.31,415120.0
2021-07-17,1299.31,415120.0
2021-07-18,1299.31,415120.0
2021-07-19,1243.51,731020.0
2021-07-20,1273.29,568600.0
2021-07-21,1270.79,451950.0
2021-07-22,1293.67,536410.0
2021-07-23,1268.83,582250.0
2021-07-24,1268.83,582250.0
2021-07-25,1268.83,582250.0
2021-07-26,1272.71,508550.0
2021-07-27,1276.93,566750.0
2021-07-28,1277.07,406890.0
2021-07-29,1293.6,491060.0
2021-07-30,1310.05,644440.0
2021-07-31,1310.05,644440.0
2021-08-01,1310.05,644440.0
2021-08-02,1314.22,614530.0
2021-08-03,1332.44,647010.0
2021-08-04,1334.74,661800.0
2021-08-05,1345.55,635470.0
2021-08-06,1341.45,736160.0
2021-08-07,1341.45,736160.0
2021-08-08,1341.45,736160.0
2021-08-09,1359.86,688430.0
2021-08-10,1362.43,716540.0
2021-08-11,1357.79,806770.0
2021-08-12,1353.05,741560.0
2021-08-13,1357.05,744150.0
2021-08-14,1357.05,744150.0
2021-08-15,1357.05,744150.0
2021-08-16,1370.96,827710.0
2021-08-17,1363.09,768610.0
2021-08-18,1360.94,689780.0
2021-08-19,1374.85,728170.0
2021-08-20,1329.43,1210000.0
2021-08-21,1329.43,1210000.0
2021-08-22,1329.43,1210000.0
2021-08-23,1298.86,795070.0
2021-08-24,1298.74,714270.0
2021-08-25,1309.55,522870.0
2021-08-26,1301.12,524290.0
2021-08-27,1313.2,685060.0
2021-08-28,1313.2,685060.0
2021-08-29,1313.2,685060.0
2021-08-30,1328.14,676540.0
2021-08-31,1331.47,733830.0
2021-09-01,1334.65,719960.0
2021-09-02,1334.65,719960.0
2021-09-03,1334.65,719960.0
2021-09-04,1334.65,719960.0
2021-09-05,1334.65,719960.0
2021-09-06,1346.39,944410.0
2021-09-07,1341.9,869380.0
2021-09-08,1333.61,626080.0
2021-09-09,1343.98,642570.0
2021-09-10,1345.31,598730.0
2021-09-11,1345.31,598730.0
2021-09-12,1345.31,598730.0
2021-09-13,1341.43,775470.0
2021-09-14,1339.7,730450.0
2021-09-15,1345.83,692090.0
2021-09-16,1345.87,599770.0
2021-09-17,1352.64,852780.0
2021-09-18,1352.64,852780.0
2021-09-19,1352.64,852780.0
2021-09-20,1350.48,895460.0
2021-09-21,1339.84,859680.0
2021-09-22,1350.68,779650.0
2021-09-23,1352.76,997610.0
2021-09-24,1351.17,673100.0
2021-09-25,1351.17,673100.0
2021-09-26,1351.17,673100.0
2021-09-27,1324.99,778440.0
2021-09-28,1339.31,623510.0
2021-09-29,1339.21,598500.0
2021-09-30,1342.06,438290.0
2021-10-01,1334.89,738170.0
2021-10-02,1334.89,738170.0
2021-10-03,1334.89,738170.0
2021-10-04,1339.54,736080.0
2021-10-05,1354.63,636270.0
2021-10-06,1362.82,637000.0
2021-10-07,1365.99,693030.0
2021-10-08,1372.73,632860.0
2021-10-09,1372.73,632860.0
2021-10-10,1372.73,632860.0
2021-10-11,1394.09,764350.0
2021-10-12,1394.8,742810.0
2021-10-13,1391.91,645350.0
2021-10-14,1391.85,725510.0
2021-10-15,1392.7,784560.0
2021-10-16,1392.7,784560.0
2021-10-17,1392.7,784560.0
2021-10-18,1395.53,795920.0
2021-10-19,1395.33,639440.0
2021-10-20,1393.8,845890.0
2021-10-21,1384.77,709070.0
2021-10-22,1389.24,798130.0
2021-10-23,1389.24,798130.0
2021-10-24,1389.24,798130.0
2021-10-25,1385.4,899260.0
2021-10-26,1391.63,747950.0
2021-10-27,1423.02,936220.0
2021-10-28,1438.01,865430.0
2021-10-29,1444.27,982010.0
2021-10-30,1444.27,982010.0
2021-10-31,1444.27,982010.0
2021-11-01,1438.97,1130000.0
2021-11-02,1452.46,1010000.0
2021-11-03,1444.3,1510000.0
2021-11-04,1448.34,929530.0
2021-11-05,1456.51,874070.0
2021-11-06,1456.51,874070.0
2021-11-07,1456.51,874070.0
2021-11-08,1467.57,1080000.0
2021-11-09,1461.5,1030000.0
2021-11-10,1465.02,985540.0
2021-11-11,1462.35,1270000.0
2021-11-12,1473.37,955630.0
2021-11-13,1473.37,955630.0
2021-11-14,1473.37,955630.0
2021-11-15,1476.57,1170000.0
2021-11-16,1466.45,1220000.0
2021-11-17,1475.85,860800.0
2021-11-18,1469.83,1090000.0
2021-11-19,1452.35,1520000.0
2021-11-20,1452.35,1520000.0
2021-11-21,1452.35,1520000.0
2021-11-22,1447.25,1270000.0
2021-11-23,1463.63,880070.0
2021-11-24,1488.87,1120000.0
2021-11-25,1500.81,1010000.0
2021-11-26,1493.03,1060000.0
2021-11-27,1493.03,1060000.0
2021-11-28,1493.03,1060000.0
2021-11-29,1484.84,1010000.0
2021-11-30,1478.44,1080000.0
2021-12-01,1485.19,876730.0
2021-12-02,1482.05,763960.0
2021-12-03,1443.32,1100000.0
2021-12-04,1443.32,1100000.0
2021-12-05,1443.32,1100000.0
2021-12-06,1413.58,1040000.0
2021-12-07,1446.77,755910.0
2021-12-08,1452.87,771030.0
2021-12-09,1467.98,665460.0
2021-12-10,1463.54,798290.0
2021-12-11,1463.54,798290.0
2021-12-12,1463.54,798290.0
2021-12-13,1476.21,865580.0
2021-12-14,1476.02,964110.0
2021-12-15,1475.5,906080.0
2021-12-16,1476.61,927540.0
2021-12-17,1479.79,1110000.0
2021-12-18,1479.79,1110000.0
2021-12-19,1479.79,1110000.0
2021-12-20,1477.33,963350.0
2021-12-21,1478.74,902840.0
2021-12-22,1477.67,1070000.0
2021-12-23,1456.96,1360000.0
2021-12-24,1477.03,889480.0
2021-12-25,1477.03,889480.0
2021-12-26,1477.03,889480.0
2021-12-27,1488.88,752110.0
2021-12-28,1494.39,1000000.0
2021-12-29,1485.82,843880.0
2021-12-30,1485.97,747860.0
2021-12-31,1498.28,875730.0
2022-01-01,1498.28,875730.0
2022-01-02,1498.28,875730.0
2022-01-03,1498.28,875730.0
2022-01-04,1525.58,891300.0
2022-01-05,1522.5,1060000.0
2022-01-06,1528.57,1130000.0
2022-01-07,1528.48,1030000.0
2022-01-08,1528.48,1030000.0
2022-01-09,1528.48,1030000.0
2022-01-10,1503.71,1380000.0
2022-01-11,1492.31,1250000.0
2022-01-12,1510.51,1130000.0
2022-01-13,1496.05,995820.0
2022-01-14,1496.02,785610.0
2022-01-15,1496.02,785610.0
2022-01-16,1496.02,785610.0
2022-01-17,1452.84,987100.0
2022-01-18,1438.94,739290.0
2022-01-19,1442.79,637630.0
2022-01-20,1465.3,785760.0
2022-01-21,1472.89,811350.0
2022-01-22,1472.89,811350.0
2022-01-23,1472.89,811350.0
2022-01-24,1439.71,828130.0
2022-01-25,1479.58,751390.0
2022-01-26,1481.58,813180.0
2022-01-27,1470.76,564600.0
2022-01-28,1478.96,702680.0
2022-01-29,1478.96,702680.0
2022-01-30,1478.96,702680.0
2022-01-31,1478.96,702680.0
2022-02-01,1478.96,702680.0
2022-02-02,1478.96,702680.0
2022-02-03,1478.96,702680.0
2022-02-04,1478.96,702680.0
2022-02-05,1478.96,702680.0
2022-02-06,1478.96,702680.0
2022-02-07,1497.66,578170.0
2022-02-08,1500.99,734760.0
2022-02-09,1505.38,794740.0
2022-02-10,1506.79,680250.0
2022-02-11,1501.71,636280.0
2022-02-12,1501.71,636280.0
2022-02-13,1501.71,636280.0
2022-02-14,1471.96,810720.0
2022-02-15,1492.75,606420.0
2022-02-16,1492.1,702520.0
2022-02-17,1507.99,615790.0
2022-02-18,1504.84,697550.0
2022-02-19,1504.84,697550.0
2022-02-20,1504.84,697550.0
2022-02-21,1510.84,791920.0
2022-02-22,1503.47,908050.0
2022-02-23,1512.3,694650.0
2022-02-24,1494.85,1160000.0
2022-02-25,1498.89,768010.0
2022-02-26,1498.89,768010.0
2022-02-27,1498.89,768010.0
2022-02-28,1490.13,729790.0
2022-03-01,1498.78,842430.0
2022-03-02,1485.52,941550.0
2022-03-03,1505.0,929210.0
2022-03-04,1505.33,928920.0
2022-03-05,1505.33,928920.0
2022-03-06,1505.33,928920.0
2022-03-07,1499.05,981720.0
2022-03-08,1473.71,1040000.0
2022-03-09,1473.74,930300.0
2022-03-10,1479.08,649940.0
2022-03-11,1466.54,878190.0
2022-03-12,1466.54,878190.0
2022-03-13,1466.54,878190.0
2022-03-14,1446.25,858570.0
2022-03-15,1452.74,675630.0
2022-03-16,1459.33,624220.0
2022-03-17,1461.34,717440.0
2022-03-18,1469.1,795730.0
2022-03-19,1469.1,795730.0
2022-03-20,1469.1,795730.0
2022-03-21,1494.95,792160.0
2022-03-22,1503.78,947700.0
2022-03-23,1502.34,861130.0
2022-03-24,1498.26,784910.0
2022-03-25,1498.5,768940.0
2022-03-26,1498.5,768940.0
2022-03-27,1498.5,768940.0
2022-03-28,1483.18,1070000.0
2022-03-29,1497.76,737940.0
2022-03-30,1490.51,901490.0
2022-03-31,1492.15,684540.0
2022-04-01,1516.44,967670.0
2022-04-02,1516.44,967670.0
2022-04-03,1516.44,967670.0
2022-04-04,1524.7,779580.0
2022-04-05,1520.03,703530.0
2022-04-06,1522.9,944040.0
2022-04-07,1502.35,795130.0
2022-04-08,1482.0,763560.0
2022-04-09,1482.0,763560.0
2022-04-10,1482.0,763560.0
2022-04-11,1482.0,763560.0
2022-04-12,1455.25,680060.0
2022-04-13,1477.2,674790.0
2022-04-14,1472.12,523370.0
2022-04-15,1458.56,659470.0
2022-04-16,1458.56,659470.0
2022-04-17,1458.56,659470.0
2022-04-18,1432.6,827690.0
2022-04-19,1406.45,702350.0
2022-04-20,1384.72,688330.0
2022-04-21,1370.21,810670.0
2022-04-22,1379.23,834410.0
2022-04-23,1379.23,834410.0
2022-04-24,1379.23,834410.0
2022-04-25,1310.92,762880.0
2022-04-26,1341.34,727650.0
2022-04-27,1353.77,519559.99999999994
2022-04-28,1350.99,485120.0
2022-04-29,1366.8,598400.0
2022-04-30,1366.8,598400.0
2022-05-01,1366.8,598400.0
2022-05-02,1366.8,598400.0
2022-05-03,1366.8,598400.0
2022-05-04,1348.68,528290.0
2022-05-05,1360.68,531080.0
2022-05-06,1329.26,564070.0
2022-05-07,1329.26,564070.0
2022-05-08,1329.26,564070.0
2022-05-09,1269.62,673760.0
2022-05-10,1293.56,665480.0
2022-05-11,1301.53,418230.0
2022-05-12,1238.84,557890.0
2022-05-13,1182.77,816990.0
2022-05-14,1182.77,816990.0
2022-05-15,1182.77,816990.0
2022-05-16,1171.95,584390.0
2022-05-17,1228.37,583960.0
2022-05-18,1240.76,566360.0
2022-05-19,1241.64,496730.0
2022-05-20,1240.71,504690.0
2022-05-21,1240.71,504690.0
2022-05-22,1240.71,504690.0
2022-05-23,1218.81,557430.0
2022-05-24,1233.38,528480.0
2022-05-25,1268.43,655240.0
2022-05-26,1268.57,541910.0
2022-05-27,1285.45,607220.0
2022-05-28,1285.45,607220.0
2022-05-29,1285.45,607220.0
2022-05-30,1293.92,587230.0
2022-05-31,1292.68,591090.0
2022-06-01,1299.52,573630.0
2022-06-02,1288.62,572550.0
2022-06-03,1287.98,473810.0
2022-06-04,1287.98,473810.0
2022-06-05,1287.98,473810.0
2022-06-06,1290.01,589890.0
2022-06-07,1291.35,670870.0
2022-06-08,1307.91,584570.0
2022-06-09,1307.8,465660.0
2022-06-10,1284.08,603290.0
2022-06-11,1284.08,603290.0
2022-06-12,1284.08,603290.0
2022-06-13,1227.04,733450.0
2022-06-14,1230.31,560890.0
2022-06-15,1213.93,688120.0
2022-06-16,1236.63,561690.0
2022-06-17,1217.3,738580.0
2022-06-18,1217.3,738580.0
2022-06-19,1217.3,738580.0
2022-06-20,1180.4,669550.0
2022-06-21,1172.47,694930.0
2022-06-22,1169.27,592480.0
2022-06-23,1188.88,440780.0
2022-06-24,1185.48,478690.0
2022-06-25,1185.48,478690.0
2022-06-26,1185.48,478690.0
2022-06-27,1202.82,526960.0
2022-06-28,1218.1,588390.0
2022-06-29,1218.09,560590.0
2022-06-30,1197.6,510220.0
2022-07-01,1198.9,534070.0
2022-07-02,1198.9,534070.0
2022-07-03,1198.9,534070.0
2022-07-04,1195.53,442820.0
2022-07-05,1181.29,612000.0
2022-07-06,1149.61,556460.0
2022-07-07,1166.48,411790.0
2022-07-08,1171.31,476370.0
2022-07-09,1171.31,476370.0
2022-07-10,1171.31,476370.0
2022-07-11,1155.29,538710.0
2022-07-12,1174.82,525110.0
2022-07-13,1173.92,564000.0
2022-07-14,1182.17,534740.0
2022-07-15,1179.25,604010.0
2022-07-16,1179.25,604010.0
2022-07-17,1179.25,604010.0
2022-07-18,1176.49,523730.0
2022-07-19,1178.33,532690.0
2022-07-20,1194.14,648000.0
2022-07-21,1198.47,530310.0
2022-07-22,1194.76,477950.0
2022-07-23,1194.76,477950.0
2022-07-24,1194.76,477950.0
2022-07-25,1188.5,437850.0
2022-07-26,1185.07,434800.0
2022-07-27,1191.04,445140.0
2022-07-28,1208.12,668860.0
2022-07-29,1206.33,590320.0
2022-07-30,1206.33,590320.0
2022-07-31,1206.33,590320.0
2022-08-01,1231.35,708710.0
2022-08-02,1241.62,817690.0
2022-08-03,1249.76,789520.0
2022-08-04,1254.15,724750.0
2022-08-05,1252.74,698640.0
2022-08-06,1252.74,698640.0
2022-08-07,1252.74,698640.0
2022-08-08,1256.75,699340.0
2022-08-09,1258.85,721640.0
2022-08-10,1256.5,651760.0
2022-08-11,1252.07,810550.0
2022-08-12,1262.33,542040.0
2022-08-13,1262.33,542040.0
2022-08-14,1262.33,542040.0
2022-08-15,1274.2,634200.0
2022-08-16,1274.69,617720.0
2022-08-17,1275.28,712250.0
2022-08-18,1273.66,599080.0
2022-08-19,1269.18,607620.0
2022-08-20,1269.18,607620.0
2022-08-21,1269.18,607620.0
2022-08-22,1260.43,619450.0
2022-08-23,1270.81,564720.0
2022-08-24,1277.16,601890.0
2022-08-25,1288.88,623970.0
2022-08-26,1282.57,668960.0
2022-08-27,1282.57,668960.0
2022-08-28,1282.57,668960.0
2022-08-29,1270.8,845900.0
2022-08-30,1279.39,526100.0
2022-08-31,1280.51,499310.0
2022-09-01,1280.51,499310.0
2022-09-02,1280.51,499310.0
2022-09-03,1280.51,499310.0
2022-09-04,1280.51,499310.0
2022-09-05,1277.35,524680.0
2022-09-06,1277.4,581460.0
2022-09-07,1243.17,852270.0
2022-09-08,1234.6,599610.0
2022-09-09,1248.78,586030.0
2022-09-10,1248.78,586030.0
2022-09-11,1248.78,586030.0
2022-09-12,1249.62,410190.0
2022-09-13,1248.4,473970.0
2022-09-14,1240.77,607860.0
2022-09-15,1245.66,429840.0
2022-09-16,1234.03,632370.0
2022-09-17,1234.03,632370.0
2022-09-18,1234.03,632370.0
2022-09-19,1205.43,701960.0
2022-09-20,1218.93,473890.0
2022-09-21,1210.55,391710.0
2022-09-22,1214.7,473560.0
2022-09-23,1203.28,485380.0
2022-09-24,1203.28,485380.0
2022-09-25,1203.28,485380.0
2022-09-26,1174.35,757090.0
2022-09-27,1166.54,466620.0
2022-09-28,1143.62,527700.0
2022-09-29,1126.07,491470.0
2022-09-30,1132.11,729670.0
2022-10-01,1132.11,729670.0
2022-10-02,1132.11,729670.0
2022-10-03,1086.44,554150.0
2022-10-04,1078.14,582820.0
2022-10-05,1104.26,451940.0
2022-10-06,1074.52,545820.0
2022-10-07,1035.91,877310.0
2022-10-08,1035.91,877310.0
2022-10-09,1035.91,877310.0
2022-10-10,1042.48,692980.0
2022-10-11,1006.2,672100.0
2022-10-12,1034.81,616140.0
2022-10-13,1050.99,477330.0
2022-10-14,1061.85,641480.0
2022-10-15,1061.85,641480.0
2022-10-16,1061.85,641480.0
2022-10-17,1051.58,497420.0
2022-10-18,1063.66,514840.00000000006
2022-10-19,1060.07,400660.0
2022-10-20,1058.45,398330.0
2022-10-21,1019.82,742100.0
2022-10-22,1019.82,742100.0
2022-10-23,1019.82,742100.0
2022-10-24,986.15,654950.0
2022-10-25,997.7,751180.0
2022-10-26,993.36,448280.0
2022-10-27,1028.01,647720.0
2022-10-28,1027.36,654700.0
2022-10-29,1027.36,654700.0
2022-10-30,1027.36,654700.0
2022-10-31,1027.94,662040.0
2022-11-01,1033.75,613980.0
2022-11-02,1023.19,578230.0
2022-11-03,1019.81,442890.0
2022-11-04,997.15,753110.0
2022-11-05,997.15,753110.0
2022-11-06,997.15,753110.0
2022-11-07,975.19,646850.0
2022-11-08,981.65,660720.0
2022-11-09,985.59,583060.0
2022-11-10,947.24,698760.0
2022-11-11,954.53,736490.0
2022-11-12,954.53,736490.0
2022-11-13,954.53,736490.0
2022-11-14,941.04,666060.0
2022-11-15,911.9,692340.0
2022-11-16,942.9,1050000.0
2022-11-17,969.26,724460.0
2022-11-18,969.33,960580.0
2022-11-19,969.33,960580.0
2022-11-20,969.33,960580.0
2022-11-21,960.65,597720.0
2022-11-22,952.12,1050000.0
2022-11-23,946.0,542120.0
2022-11-24,947.71,543140.0
2022-11-25,971.46,622500.0
2022-11-26,971.46,622500.0
2022-11-27,971.46,622500.0
2022-11-28,1005.69,973790.0
2022-11-29,1032.16,1180000.0
2022-11-30,1048.42,1140000.0
2022-12-01,1036.28,1340000.0
2022-12-02,1080.01,1090000.0
2022-12-03,1080.01,1090000.0
2022-12-04,1080.01,1090000.0
2022-12-05,1093.67,1260000.0
2022-12-06,1048.69,1480000.0
2022-12-07,1041.02,920940.0
2022-12-08,1050.53,916990.0
2022-12-09,1051.81,788200.0
2022-12-10,1051.81,788200.0
2022-12-11,1051.81,788200.0
2022-12-12,1032.07,909570.0
2022-12-13,1047.45,798740.0
2022-12-14,1050.43,792040.0
2022-12-15,1055.32,731120.0
2022-12-16,1052.48,881530.0
2022-12-17,1052.48,881530.0
2022-12-18,1052.48,881530.0
2022-12-19,1038.4,988840.0
2022-12-20,1023.13,1080000.0
2022-12-21,1018.88,857330.0
2022-12-22,1022.61,714220.0
2022-12-23,1020.34,544110.0
2022-12-24,1020.34,544110.0
2022-12-25,1020.34,544110.0
2022-12-26,985.21,623490.0
2022-12-27,1004.57,593360.0
2022-12-28,1015.66,590450.0
2022-12-29,1009.29,462660.0
2022-12-30,1007.09,407140.0
2022-12-31,1007.09,407140.0
2023-01-01,1007.09,407140.0
2023-01-02,1007.09,407140.0
2023-01-03,1043.9,551330.0
2023-01-04,1046.35,647730.0
2023-01-05,1055.82,535050.0
2023-01-06,1051.44,698500.0
2023-01-07,1051.44,698500.0
2023-01-08,1051.44,698500.0
2023-01-09,1054.21,475200.0
2023-01-10,1053.35,546260.0
2023-01-11,1055.76,545180.0
2023-01-12,1056.39,506470.0
2023-01-13,1060.17,670230.0
2023-01-14,1060.17,670230.0
2023-01-15,1060.17,670230.0
2023-01-16,1066.68,520789.99999999994
2023-01-17,1088.29,673930.0
2023-01-18,1098.28,604200.0
2023-01-19,1108.08,617710.0
2023-01-20,1108.08,617710.0
2023-01-21,1108.08,617710.0
2023-01-22,1108.08,617710.0
2023-01-23,1108.08,617710.0
2023-01-24,1108.08,617710.0
2023-01-25,1108.08,617710.0
2023-01-26,1108.08,617710.0
2023-01-27,1117.1,604930.0
2023-01-28,1117.1,604930.0
2023-01-29,1117.1,604930.0
2023-01-30,1102.57,798680.0
2023-01-31,1111.18,748420.0
2023-02-01,1075.97,1030000.0
2023-02-02,1077.59,634740.0
2023-02-03,1077.15,563830.0
2023-02-04,1077.15,563830.0
2023-02-05,1077.15,563830.0
2023-02-06,1089.29,527010.0
2023-02-07,1065.84,673210.0
2023-02-08,1072.22,569320.0
2023-02-09,1064.03,473850.0
2023-02-10,1055.3,463940.0
2023-02-11,1055.3,463940.0
2023-02-12,1055.3,463940.0
2023-02-13,1043.7,681320.0
2023-02-14,1038.64,395730.0
2023-02-15,1048.2,585760.0
2023-02-16,1058.29,475800.0
2023-02-17,1059.31,465080.0
2023-02-18,1059.31,465080.0
2023-02-19,1059.31,465080.0
2023-02-20,1086.69,682290.0
2023-02-21,1082.23,720350.0
2023-02-22,1054.28,814010.0
2023-02-23,1053.66,720750.0
2023-02-24,1039.56,430410.0
2023-02-25,1039.56,430410.0
2023-02-26,1039.56,430410.0
2023-02-27,1021.25,588610.0
2023-02-28,1024.68,432960.0
2023-03-01,1040.55,523620.0
2023-03-02,1037.61,373160.0
2023-03-03,1024.77,447720.0
2023-03-04,1024.77,447720.0
2023-03-05,1024.77,447720.0
2023-03-06,1027.18,421900.0
2023-03-07,1037.84,473170.0
2023-03-08,1049.18,510280.0
2023-03-09,1055.95,609040.0
2023-03-10,1053.0,508590.0
2023-03-11,1053.0,508590.0
2023-03-12,1053.0,508590.0
2023-03-13,1052.8,625070.0
2023-03-14,1040.13,621190.0
2023-03-15,1062.19,622860.0
2023-03-16,1047.4,532930.0
2023-03-17,1045.14,564930.0
2023-03-18,1045.14,564930.0
2023-03-19,1045.14,564930.0
2023-03-20,1023.1,567360.0
2023-03-21,1032.43,474890.0
2023-03-22,1040.54,458780.0
2023-03-23,1045.1,431450.0
2023-03-24,1046.79,579740.0
2023-03-25,1046.79,579740.0
2023-03-26,1046.79,579740.0
2023-03-27,1052.25,556950.0
2023-03-28,1054.29,648100.0
2023-03-29,1056.33,460960.0
2023-03-30,1059.44,633980.0
2023-03-31,1064.64,639930.0
2023-04-01,1064.64,639930.0
2023-04-02,1064.64,639930.0
2023-04-03,1079.28,821310.0
2023-04-04,1078.45,803890.0
2023-04-05,1080.86,793750.0
2023-04-06,1070.91,998760.0
2023-04-07,1069.71,646000.0
2023-04-08,1069.71,646000.0
2023-04-09,1069.71,646000.0
2023-04-10,1065.35,857460.0
2023-04-11,1069.46,697780.0
2023-04-12,1069.45,726160.0
2023-04-13,1064.3,673040.0
2023-04-14,1052.89,786530.0
2023-04-15,1052.89,786530.0
2023-04-16,1052.89,786530.0
2023-04-17,1053.81,453790.0
2023-04-18,1055.02,539760.0
2023-04-19,1048.98,569680.0
2023-04-20,1049.25,373750.0
2023-04-21,1042.91,553030.0
2023-04-22,1042.91,553030.0
2023-04-23,1042.91,553030.0
2023-04-24,1041.36,556990.0
2023-04-25,1034.85,539590.0
2023-04-26,1040.8,576780.0
2023-04-27,1039.63,511730.0
2023-04-28,1049.12,613140.0
2023-04-29,1049.12,613140.0
2023-04-30,1049.12,613140.0
2023-05-01,1049.12,613140.0
2023-05-02,1049.12,613140.0
2023-05-03,1049.12,613140.0
2023-05-04,1040.61,625810.0
2023-05-05,1040.31,547780.0
2023-05-06,1040.31,547780.0
2023-05-07,1040.31,547780.0
2023-05-08,1053.44,655530.0
2023-05-09,1053.77,564400.0
2023-05-10,1058.26,717420.0
2023-05-11,1057.12,708310.0
2023-05-12,1066.9,725830.0
2023-05-13,1066.9,725830.0
2023-05-14,1066.9,725830.0
2023-05-15,1065.71,834500.0
2023-05-16,1065.91,681380.0
2023-05-17,1060.44,836830.0
2023-05-18,1068.31,649540.0
2023-05-19,1067.07,755490.0
2023-05-20,1067.07,755490.0
2023-05-21,1067.07,755490.0
2023-05-22,1070.64,711110.0
2023-05-23,1065.85,721990.0
2023-05-24,1061.79,794100.0
2023-05-25,1064.63,669530.0
2023-05-26,1063.76,640720.0
2023-05-27,1063.76,640720.0
2023-05-28,1063.76,640720.0
2023-05-29,1074.98,844880.0
2023-05-30,1078.05,922940.0
2023-05-31,1075.17,924360.0
2023-06-01,1078.39,856810.0
2023-06-02,1090.84,1040000.0
2023-06-03,1090.84,1040000.0
2023-06-04,1090.84,1040000.0
2023-06-05,1097.82,948360.0
2023-06-06,1108.31,842760.0
2023-06-07,1109.54,1000000.0
2023-06-08,1101.32,1320000.0
2023-06-09,1107.53,902210.0
2023-06-10,1107.53,902210.0
2023-06-11,1107.53,902210.0
2023-06-12,1116.02,797980.0
2023-06-13,1122.46,943540.0
2023-06-14,1117.42,928600.0
2023-06-15,1116.97,716880.0
2023-06-16,1115.22,1170000.0
2023-06-17,1115.22,1170000.0
2023-06-18,1115.22,1170000.0
2023-06-19,1105.4,811310.0
2023-06-20,1111.72,695590.0
2023-06-21,1118.46,875890.0
2023-06-22,1125.3,919320.0
2023-06-23,1129.38,906630.0
2023-06-24,1129.38,906630.0
2023-06-25,1129.38,906630.0
2023-06-26,1132.03,1040000.0
2023-06-27,1134.33,722000.0
2023-06-28,1138.35,892140.0
2023-06-29,1125.39,906890.0
2023-06-30,1120.18,617530.0
2023-07-01,1120.18,617530.0
2023-07-02,1120.18,617530.0
2023-07-03,1125.5,558380.0
2023-07-04,1132.0,701310.0
2023-07-05,1134.62,807030.0
2023-07-06,1126.22,921110.0
2023-07-07,1138.07,798400.0
2023-07-08,1138.07,798400.0
2023-07-09,1138.07,798400.0
2023-07-10,1149.02,879430.0
2023-07-11,1151.77,936910.0
2023-07-12,1154.2,788160.0
2023-07-13,1165.42,806740.0
2023-07-14,1168.4,1040000.0
2023-07-15,1168.4,1040000.0
2023-07-16,1168.4,1040000.0
2023-07-17,1173.13,914620.0
2023-07-18,1174.09,837140.0
2023-07-19,1172.98,896650.0
2023-07-20,1172.81,796610.0
2023-07-21,1185.9,988090.0
2023-07-22,1185.9,988090.0
2023-07-23,1185.9,988090.0
2023-07-24,1190.72,1040000.0
2023-07-25,1195.9,1000000.0
2023-07-26,1200.84,912300.0
2023-07-27,1197.33,1160000.0
2023-07-28,1207.67,1110000.0
2023-07-29,1207.67,1110000.0
2023-07-30,1207.67,1110000.0
2023-07-31,1222.9,1200000.0
2023-08-01,1217.56,1280000.0
2023-08-02,1220.43,940810.0
2023-08-03,1210.95,1030000.0
2023-08-04,1225.98,1130000.0
2023-08-05,1225.98,1130000.0
2023-08-06,1225.98,1130000.0
2023-08-07,1241.42,1300000.0
2023-08-08,1242.23,1190000.0
2023-08-09,1233.99,1090000.0
2023-08-10,1220.61,1010000.0
2023-08-11,1232.21,1010000.0
2023-08-12,1232.21,1010000.0
2023-08-13,1232.21,1010000.0
2023-08-14,1236.84,1110000.0
2023-08-15,1234.05,912030.0
2023-08-16,1243.26,930670.0
2023-08-17,1233.48,1110000.0
2023-08-18,1177.99,1700000.0
2023-08-19,1177.99,1700000.0
2023-08-20,1177.99,1700000.0
2023-08-21,1179.76,1080000.0
2023-08-22,1180.49,1060000.0
2023-08-23,1172.56,747180.0
2023-08-24,1189.39,851540.0
2023-08-25,1183.37,893340.0
2023-08-26,1183.37,893340.0
2023-08-27,1183.37,893340.0
2023-08-28,1201.72,882850.0
2023-08-29,1204.43,990940.0
2023-08-30,1213.16,911990.0
2023-08-31,1224.05,945480.0
2023-09-01,1224.05,945480.0
2023-09-02,1224.05,945480.0
2023-09-03,1224.05,945480.0
2023-09-04,1224.05,945480.0
2023-09-05,1234.98,1090000.0
2023-09-06,1245.5,1130000.0
2023-09-07,1243.14,1130000.0
2023-09-08,1241.48,1100000.0
2023-09-09,1241.48,1100000.0
2023-09-10,1241.48,1100000.0
2023-09-11,1223.63,1390000.0
2023-09-12,1245.44,967870.0
2023-09-13,1238.39,1260000.0
2023-09-14,1223.81,1230000.0
2023-09-15,1227.36,917360.0
2023-09-16,1227.36,917360.0
2023-09-17,1227.36,917360.0
2023-09-18,1211.81,845000.0
2023-09-19,1211.5,1000000.0
2023-09-20,1226.11,878030.0
2023-09-21,1212.74,963680.0
2023-09-22,1193.05,1390000.0
2023-09-23,1193.05,1390000.0
2023-09-24,1193.05,1390000.0
2023-09-25,1153.2,1090000.0
2023-09-26,1137.96,1050000.0
2023-09-27,1153.85,860420.0
2023-09-28,1152.43,691110.0
2023-09-29,1154.15,574810.0
2023-09-30,1154.15,574810.0
2023-10-01,1154.15,574810.0
2023-10-02,1155.25,518240.0
2023-10-03,1118.1,991880.0
2023-10-04,1128.67,682490.0
2023-10-05,1113.89,609010.0
2023-10-06,1128.54,621620.0
2023-10-07,1128.54,621620.0
2023-10-08,1128.54,621620.0
2023-10-09,1137.36,602620.0
2023-10-10,1143.69,671760.0
2023-10-11,1150.81,543050.0
2023-10-12,1151.61,647180.0
2023-10-13,1154.73,621420.0
2023-10-14,1154.73,621420.0
2023-10-15,1154.73,621420.0
2023-10-16,1141.42,676190.0
2023-10-17,1121.65,610500.0
2023-10-18,1103.4,1040000.0
2023-10-19,1087.85,649230.0
2023-10-20,1108.03,658190.0
2023-10-21,1108.03,658190.0
2023-10-22,1108.03,658190.0
2023-10-23,1093.53,563100.0
2023-10-24,1105.9,509040.0
2023-10-25,1101.66,539260.0
2023-10-26,1055.45,1180000.0
2023-10-27,1060.62,692230.0
2023-10-28,1060.62,692230.0
2023-10-29,1060.62,692230.0
2023-10-30,1042.4,533360.0
2023-10-31,1028.19,755540.0
2023-11-01,1039.66,679890.0
2023-11-02,1075.47,772120.0
2023-11-03,1076.78,756480.0
2023-11-04,1076.78,756480.0
2023-11-05,1076.78,756480.0
2023-11-06,1089.66,692790.0
2023-11-07,1080.29,634510.0
2023-11-08,1113.43,952580.0
2023-11-09,1113.89,1050000.0
2023-11-10,1101.68,1030000.0
2023-11-11,1101.68,1030000.0
2023-11-12,1101.68,1030000.0
2023-11-13,1100.07,789440.0
2023-11-14,1109.73,822200.0
2023-11-15,1122.5,937960.0
2023-11-16,1125.53,687400.0
2023-11-17,1101.19,1260000.0
2023-11-18,1101.19,1260000.0
2023-11-19,1101.19,1260000.0
2023-11-20,1103.66,841470.0
2023-11-21,1110.46,712610.0
2023-11-22,1113.82,946280.0
2023-11-23,1088.49,1030000.0
2023-11-24,1095.61,958340.0
2023-11-25,1095.61,958340.0
2023-11-26,1095.61,958340.0
2023-11-27,1088.06,595020.0
2023-11-28,1095.43,681890.0
2023-11-29,1102.8,614960.0
2023-11-30,1094.13,723480.0
2023-12-01,1102.16,603590.0
2023-12-02,1102.16,603590.0
2023-12-03,1102.16,603590.0
2023-12-04,1120.49,1120000.0
2023-12-05,1115.97,824660.0
2023-12-06,1126.43,853960.0
2023-12-07,1121.49,1330000.0
2023-12-08,1124.44,819100.0
2023-12-09,1124.44,819100.0
2023-12-10,1124.44,819100.0
2023-12-11,1125.5,700590.0
2023-12-12,1127.63,645620.0
2023-12-13,1114.2,844040.0
2023-12-14,1110.13,681020.0
2023-12-15,1102.3,749830.0
2023-12-16,1102.3,749830.0
2023-12-17,1102.3,749830.0
2023-12-18,1091.88,713160.0
2023-12-19,1096.3,649910.0
2023-12-20,1100.76,598210.0
2023-12-21,1102.43,521000.0
2023-12-22,1103.06,558030.0
2023-12-23,1103.06,558030.0
2023-12-24,1103.06,558030.0
2023-12-25,1117.66,658540.0
2023-12-26,1122.25,644740.0
2023-12-27,1121.99,776800.0
2023-12-28,1128.93,716930.0
2023-12-29,1129.93,710850.0
2023-12-30,1129.93,710850.0
2023-12-31,1129.93,710850.0
2024-01-01,1129.93,710850.0
2024-01-02,1131.72,842260.0
2024-01-03,1144.17,719930.0
2024-01-04,1150.72,1180000.0
2024-01-05,1154.68,803270.0
2024-01-06,1154.68,803270.0
2024-01-07,1154.68,803270.0
2024-01-08,1160.19,905410.0
2024-01-09,1158.59,870510.0
2024-01-10,1161.54,992760.0
2024-01-11,1162.22,860490.0
2024-01-12,1154.7,1090000.0
2024-01-13,1154.7,1090000.0
2024-01-14,1154.7,1090000.0
2024-01-15,1154.12,617150.0
2024-01-16,1163.12,611400.0
2024-01-17,1162.53,769800.0
2024-01-18,1169.06,596220.0
2024-01-19,1181.5,662890.0
2024-01-20,1181.5,662890.0
2024-01-21,1181.5,662890.0
2024-01-22,1182.86,889760.0
2024-01-23,1177.5,683710.0
2024-01-24,1172.97,733190.0
2024-01-25,1170.37,540540.0
2024-01-26,1175.67,575220.0
2024-01-27,1175.67,575220.0
2024-01-28,1175.67,575220.0
2024-01-29,1175.69,666530.0
2024-01-30,1179.65,620150.0
2024-01-31,1164.31,1120000.0
2024-02-01,1173.02,670250.0
2024-02-02,1172.55,914670.0
2024-02-03,1172.55,914670.0
2024-02-04,1172.55,914670.0
2024-02-05,1186.06,874800.0
2024-02-06,1188.48,619770.0
2024-02-07,1198.53,685660.0
2024-02-08,1198.53,685660.0
2024-02-09,1198.53,685660.0
2024-02-10,1198.53,685660.0
2024-02-11,1198.53,685660.0
2024-02-12,1198.53,685660.0
2024-02-13,1198.53,685660.0
2024-02-14,1198.53,685660.0
2024-02-15,1202.5,868720.0
2024-02-16,1209.7,822640.0
2024-02-17,1209.7,822640.0
2024-02-18,1209.7,822640.0
2024-02-19,1224.97,1050000.0
2024-02-20,1230.06,939950.0
2024-02-21,1230.04,988850.0
2024-02-22,1227.31,840410.0
2024-02-23,1212.0,1390000.0
2024-02-24,1212.0,1390000.0
2024-02-25,1212.0,1390000.0
2024-02-26,1224.17,889750.0
2024-02-27,1237.46,986850.0
2024-02-28,1254.55,970760.0
2024-02-29,1252.73,1090000.0
2024-03-01,1258.28,961930.0
2024-03-02,1258.28,961930.0
2024-03-03,1258.28,961930.0
2024-03-04,1261.41,1180000.0
2024-03-05,1269.98,1010000.0
2024-03-06,1262.73,1060000.0
2024-03-07,1268.46,1020000.0
2024-03-08,1247.35,1350000.0
2024-03-09,1247.35,1350000.0
2024-03-10,1247.35,1350000.0
2024-03-11,1235.49,975990.0
2024-03-12,1245.0,836220.0
2024-03-13,1270.51,982230.0
2024-03-14,1264.26,1060000.0
2024-03-15,1263.78,1070000.0
2024-03-16,1263.78,1070000.0
2024-03-17,1263.78,1070000.0
2024-03-18,1243.56,1710000.0
2024-03-19,1242.46,914650.0
2024-03-20,1260.08,915570.0
2024-03-21,1276.42,1250000.0
2024-03-22,1281.8,1380000.0
2024-03-23,1281.8,1380000.0
2024-03-24,1281.8,1380000.0
2024-03-25,1267.86,1240000.0
2024-03-26,1282.21,941700.0
2024-03-27,1283.09,919280.0
2024-03-28,1290.18,1010000.0
2024-03-29,1284.09,922550.0
2024-03-30,1284.09,922550.0
2024-03-31,1284.09,922550.0
2024-04-01,1281.52,971210.0
2024-04-02,1287.04,1090000.0
2024-04-03,1271.47,1080000.0
2024-04-04,1268.25,980910.0
2024-04-05,1255.11,1080000.0
2024-04-06,1255.11,1080000.0
2024-04-07,1255.11,1080000.0
2024-04-08,1250.35,876040.0
2024-04-09,1262.82,717430.0
2024-04-10,1258.56,702280.0
2024-04-11,1258.2,686820.0
2024-04-12,1276.6,944450.0
2024-04-13,1276.6,944450.0
2024-04-14,1276.6,944450.0
2024-04-15,1216.61,1460000.0
2024-04-16,1215.68,1360000.0
2024-04-17,1193.01,859250.0
2024-04-18,1193.01,859250.0
2024-04-19,1174.85,1070000.0
2024-04-20,1174.85,1070000.0
2024-04-21,1174.85,1070000.0
2024-04-22,1190.22,708580.0
2024-04-23,1177.4,778310.0
2024-04-24,1205.61,820080.0
2024-04-25,1204.97,569650.0
2024-04-26,1209.52,620880.0
2024-04-27,1209.52,620880.0
2024-04-28,1209.52,620880.0
2024-04-29,1209.52,620880.0
2024-04-30,1209.52,620880.0
2024-05-01,1209.52,620880.0
2024-05-02,1216.36,570360.0
2024-05-03,1221.03,643430.0
2024-05-04,1221.03,643430.0
2024-05-05,1221.03,643430.0
2024-05-06,1241.58,864630.0
2024-05-07,1248.63,707900.0
2024-05-08,1250.46,981800.0
2024-05-09,1248.64,771550.0
2024-05-10,1244.7,669110.0
2024-05-11,1244.7,669110.0
2024-05-12,1244.7,669110.0
2024-05-13,1240.18,741580.0
2024-05-14,1243.28,640490.0
2024-05-15,1254.39,880170.0
2024-05-16,1268.78,885060.0
2024-05-17,1273.11,937040.0
2024-05-18,1273.11,937040.0
2024-05-19,1273.11,937040.0
2024-05-20,1277.58,1160000.0
2024-05-21,1277.14,972160.0
2024-05-22,1266.91,1140000.0
2024-05-23,1281.03,968130.0
2024-05-24,1261.93,1370000.0
2024-05-25,1261.93,1370000.0
2024-05-26,1261.93,1370000.0
2024-05-27,1267.68,726700.0
2024-05-28,1281.73,868580.0
2024-05-29,1272.64,1070000.0
2024-05-30,1266.32,1050000.0
2024-05-31,1261.72,771150.0
2024-06-01,1261.72,771150.0
2024-06-02,1261.72,771150.0
2024-06-03,1280.0,1050000.0
2024-06-04,1283.52,935850.0
2024-06-05,1284.35,925060.0
2024-06-06,1283.56,893070.0
2024-06-07,1287.58,698280.0
2024-06-08,1287.58,698280.0
2024-06-09,1287.58,698280.0
2024-06-10,1290.67,858650.0
2024-06-11,1284.41,993340.0
2024-06-12,1300.19,895260.0
2024-06-13,1301.51,891330.0
2024-06-14,1279.91,1110000.0
2024-06-15,1279.91,1110000.0
2024-06-16,1279.91,1110000.0
2024-06-17,1274.77,900560.0
2024-06-18,1279.5,805290.0
2024-06-19,1279.79,1000000.0
2024-06-20,1282.3,932550.0
2024-06-21,1282.02,834750.0
2024-06-22,1282.02,834750.0
2024-06-23,1282.02,834750.0
2024-06-24,1254.12,1250000.0
2024-06-25,1256.56,835300.0
2024-06-26,1261.24,878370.0
2024-06-27,1259.09,596990.0
2024-06-28,1245.32,840430.0
2024-06-29,1245.32,840430.0
2024-06-30,1245.32,840430.0
2024-07-01,1254.56,487190.0
2024-07-02,1269.79,528470.0
2024-07-03,1276.85,589510.0
2024-07-04,1279.89,523460.00000000006
2024-07-05,1283.04,616500.0
2024-07-06,1283.04,616500.0
2024-07-07,1283.04,616500.0
2024-07-08,1283.56,766900.0
2024-07-09,1293.71,821810.0
2024-07-10,1285.94,751000.0
2024-07-11,1283.8,697230.0
2024-07-12,1280.75,606310.0
2024-07-13,1280.75,606310.0
2024-07-14,1280.75,606310.0
2024-07-15,1279.82,573510.0
2024-07-16,1281.18,684260.0
2024-07-17,1268.66,1230000.0
2024-07-18,1274.44,739040.0
2024-07-19,1264.78,791800.0
2024-07-20,1264.78,791800.0
2024-07-21,1264.78,791800.0
2024-07-22,1254.64,923630.0
2024-07-23,1231.81,728380.0
2024-07-24,1238.47,740260.0
2024-07-25,1233.19,484410.0
2024-07-26,1242.11,458790.0
2024-07-27,1242.11,458790.0
2024-07-28,1242.11,458790.0
2024-07-29,1246.6,496870.0
2024-07-30,1245.06,653070.0
2024-07-31,1251.51,748850.0
2024-08-01,1226.96,897260.0
2024-08-02,1236.6,696660.0
2024-08-03,1236.6,696660.0
2024-08-04,1236.6,696660.0
2024-08-05,1188.07,1040000.0
2024-08-06,1210.28,688840.0
2024-08-07,1215.88,623850.0
2024-08-08,1208.32,758830.0
2024-08-09,1223.64,586760.0
2024-08-10,1223.64,586760.0
2024-08-11,1223.64,586760.0
2024-08-12,1230.28,551150.0
2024-08-13,1230.42,539120.0
2024-08-14,1230.36,507180.0
2024-08-15,1223.56,497060.0
2024-08-16,1252.23,965060.0
2024-08-17,1252.23,965060.0
2024-08-18,1252.23,965060.0
2024-08-19,1261.62,698630.0
2024-08-20,1272.55,810160.0
2024-08-21,1284.05,836420.0
2024-08-22,1282.78,687370.0
2024-08-23,1285.32,724870.0
2024-08-24,1285.32,724870.0
2024-08-25,1285.32,724870.0
2024-08-26,1280.02,775470.0
2024-08-27,1280.56,660800.0
2024-08-28,1281.44,717620.0
2024-08-29,1281.47,634090.0
2024-08-30,1283.87,571600.0
2024-08-31,1283.87,571600.0
2024-09-01,1283.87,571600.0
2024-09-02,1283.87,571600.0
2024-09-03,1283.87,571600.0
2024-09-04,1275.8,648410.0
2024-09-05,1268.21,665630.0
2024-09-06,1273.96,637090.0
2024-09-07,1273.96,637090.0
2024-09-08,1273.96,637090.0
2024-09-09,1267.73,497550.0
2024-09-10,1255.23,690100.0
2024-09-11,1253.27,583750.0
2024-09-12,1256.35,433680.0
2024-09-13,1251.71,482060.0
2024-09-14,1251.71,482060.0
2024-09-15,1251.71,482060.0
2024-09-16,1239.26,608010.0
2024-09-17,1258.95,632200.0
2024-09-18,1264.9,799780.0
2024-09-19,1271.27,607580.0
2024-09-20,1272.04,898260.0
2024-09-21,1272.04,898260.0
2024-09-22,1272.04,898260.0
2024-09-23,1268.48,564220.0
2024-09-24,1276.99,817540.0
2024-09-25,1287.48,992830.0
2024-09-26,1291.49,956800.0
2024-09-27,1290.92,950800.0
2024-09-28,1290.92,950800.0
2024-09-29,1290.92,950800.0
2024-09-30,1287.94,748400.0
2024-10-01,1292.2,982290.0
2024-10-02,1287.84,771120.0
2024-10-03,1278.1,1040000.0
2024-10-04,1270.6,610070.0
2024-10-05,1270.6,610070.0
2024-10-06,1270.6,610070.0
2024-10-07,1269.93,542590.0
2024-10-08,1271.98,678710.0
2024-10-09,1281.85,676890.0
2024-10-10,1286.36,720090.0
2024-10-11,1288.39,531740.0
2024-10-12,1288.39,531740.0
2024-10-13,1288.39,531740.0
2024-10-14,1286.34,795710.0
2024-10-15,1281.08,712090.0
2024-10-16,1279.48,536680.0
2024-10-17,1286.52,685240.0
2024-10-18,1285.46,689070.0
2024-10-19,1285.46,689070.0
2024-10-20,1285.46,689070.0
2024-10-21,1279.77,622810.0
2024-10-22,1269.89,793920.0
2024-10-23,1270.9,589860.0
2024-10-24,1257.41,673140.0
2024-10-25,1252.72,569100.0
2024-10-26,1252.72,569100.0
2024-10-27,1252.72,569100.0
2024-10-28,1254.77,482690.0
2024-10-29,1261.78,875050.0
2024-10-30,1258.63,536850.0
2024-10-31,1264.48,614270.0
2024-11-01,1254.89,580510.0
2024-11-02,1254.89,580510.0
2024-11-03,1254.89,580510.0
2024-11-04,1244.71,709670.0
2024-11-05,1245.76,416470.0
2024-11-06,1261.28,566910.0
2024-11-07,1259.75,499260.0
2024-11-08,1252.56,555500.0
2024-11-09,1252.56,555500.0
2024-11-10,1252.56,555500.0
2024-11-11,1250.32,796480.0
2024-11-12,1244.82,600650.0
2024-11-13,1246.04,660550.0
2024-11-14,1231.89,692590.0
2024-11-15,1218.57,750570.0
2024-11-16,1218.57,750570.0
2024-11-17,1218.57,750570.0
2024-11-18,1217.12,646150.0
2024-11-19,1205.15,511890.0
2024-11-20,1216.54,767530.0
2024-11-21,1228.33,482150.0
2024-11-22,1228.1,534440.0
2024-11-23,1228.1,534440.0
2024-11-24,1228.1,534440.0
2024-11-25,1234.7,497810.0
2024-11-26,1242.13,575100.0
2024-11-27,1241.97,428810.0
2024-11-28,1242.11,477490.0
2024-11-29,1250.46,502810.0
2024-11-30,1250.46,502810.0
2024-12-01,1250.46,502810.0
2024-12-02,1251.21,497420.0
2024-12-03,1249.83,673400.0
2024-12-04,1240.41,575020.0
2024-12-05,1267.53,908390.0
2024-12-06,1270.14,694790.0
2024-12-07,1270.14,694790.0
2024-12-08,1270.14,694790.0
2024-12-09,1273.84,761000.0
2024-12-10,1272.07,631450.0
2024-12-11,1268.86,627530.0
2024-12-12,1267.35,554120.0
2024-12-13,1262.57,478790.0
2024-12-14,1262.57,478790.0
2024-12-15,1262.57,478790.0
2024-12-16,1263.79,538930.0
2024-12-17,1261.72,502250.0
2024-12-18,1266.0,531460.0
2024-12-19,1254.67,779410.0
2024-12-20,1257.5,568920.0
2024-12-21,1257.5,568920.0
2024-12-22,1257.5,568920.0
2024-12-23,1262.76,494700.0
2024-12-24,1260.36,643160.0
2024-12-25,1274.04,810460.0
2024-12-26,1272.87,595220.0
2024-12-27,1275.14,670320.0
2024-12-28,1275.14,670320.0
2024-12-29,1275.14,670320.0
2024-12-30,1272.02,527660.0
2024-12-31,1266.78,480540.0
